comp	entrez	uniprot	avgcoex	def	species
1001	16881	P37913	0.43695	UN	mouse
1001	18538	P17918	0.413683333333	NED	mouse
1001	18968	P33609	0.4129	NED	mouse
1001	18969	P33611	0.3709	NED	mouse
1001	18971	P52431	0.39875	NED	mouse
1001	18972	O35654	0.336466666667	NA	mouse
1001	67967	Q9EQ28	0.316966666667	NA	mouse
1001	69745	Q9CWP8	0.00105833333333	NA	mouse
1001	19075	P20664	0.4471	NED	mouse
1001	19076	P33610	0.399208333333	NED	mouse
1001	21969	Q04750	0.133166666667	UN	mouse
1001	21973	Q01320	0.424425	UN	mouse
1002	12361	O70589	0.1819	NA	mouse
1002	13383	Q811D0	0.1819	NA	mouse
101	116848	Q91YE5	0.206	NA	mouse
101	93762	Q91ZW3	0.206	NED	mouse
1014	12936	O88689	NA	NA	mouse
1014	93709	Q91XZ0	NA	NA	mouse
1015	12936	O88689	NA	NA	mouse
1015	93700	Q91XX7	NA	NA	mouse
1016	12936	O88689	NA	NA	mouse
1016	93711	Q91XY5	NA	NA	mouse
1017	12936	O88689	NA	NA	mouse
1017	93701	Q91XX6	NA	NA	mouse
1018	12939	Q91Y13	NA	NA	mouse
1018	93701	Q91XX6	NA	NA	mouse
1019	12939	Q91Y13	NA	NA	mouse
1019	93711	Q91XY5	NA	NA	mouse
102	56739	Q8C5S7	0.0763333333333	NA	mouse
102	140557	Q920F6	0.174	NA	mouse
102	13006	Q9CW03	0.0199	UN	mouse
102	20962	P70281	0.137166666667	NA	mouse
1020	12939	Q91Y13	NA	NA	mouse
1020	93700	Q91XX7	NA	NA	mouse
1021	12939	Q91Y13	NA	NA	mouse
1021	93709	Q91XZ0	NA	NA	mouse
1022	14191	P14234	0.0244	NA	mouse
1022	232906	Q91YM2	-0.074	ED	mouse
1022	19229	Q9QVP9	0.096	NA	mouse
1035	18417	Q60771	0.04925	NA	mouse
1035	16412	P09055	0.0821	UN	mouse
1035	56434	Q9QY33	0.13305	NA	mouse
1043	13052	P97792	0.0774	NA	mouse
1043	140887	Q91XL2	0.0774	ED	mouse
1044	13052	P97792	0.164	NA	mouse
1044	83964	Q9D8B7	0.164	NA	mouse
1050	67381	Q9CQA5	-0.0434	NED	mouse
1050	22337	P48281	-0.0434	NA	mouse
106	17928	P12979	0.0228	NA	mouse
106	20807	Q9JM73	0.13385	NA	mouse
106	21423	P15806	0.10325	NA	mouse
1066	16897	Q80Y17	0.0319	ED	mouse
1066	56513	Q9Z101	0.1162	NA	mouse
1066	18762	Q02956	0.0698	NA	mouse
1074	16569	Q61771	0.02865	ED	mouse
1074	18764	O35245	0.06375	NA	mouse
1074	241035	Q8CIS7	0.0339	NA	mouse
1076	18764	O35245	0.069	NA	mouse
1076	241035	Q8CIS7	0.069	NA	mouse
109	280667	Q8R534	0.4798	NA	mouse
109	11495	Q60718	0.4798	NA	mouse
1103	12015	Q61337	0.07705	NA	mouse
1103	56177	O88998	0.17065	NA	mouse
1103	83767	Q8R5H6	0.1271	NA	mouse
1109	18968	P33609	0.4248	NED	mouse
1109	18969	P33611	0.4248	NED	mouse
1112	109711	Q7TPR4	0.0528	UN	mouse
1112	234353	Q2PFD7	0.0528	NA	mouse
1115	12568	P49615	0.1449	UN	mouse
1115	12569	P61809	0.1449	NA	mouse
1122	19357	Q61550	0.40405	UN	mouse
1122	24061	Q9CU62	0.40565	UN	mouse
1122	13006	Q9CW03	0.431	UN	mouse
1135	16400	Q62470	0.1027	NED	mouse
1135	98710	Q91X96	0.1027	NA	mouse
1136	16404	Q61738	0.0227	NA	mouse
1136	98710	Q91X96	0.0227	NA	mouse
1151	74075	Q9D495	0.3156	NA	mouse
1151	71846	Q505B8	0.1644	NA	mouse
1151	20957	Q62209	0.2889	NA	mouse
1157	12550	P09803	0.00986666666667	NA	mouse
1157	12558	P15116	-3.33333333333e-05	ED	mouse
1157	12387	Q02248	0.2347	NED	mouse
1157	19164	P49769	0.157733333333	NA	mouse
1161	56233	Q8C2B3	0.2446	NA	mouse
1161	20602	Q9WU42	0.253	NA	mouse
1161	20466	Q60520	0.1111	UN	mouse
1164	11479	Q61271	0.1525	NA	mouse
1164	11480	P27038	0.1092	NA	mouse
1164	50791	Q9WVQ1	0.0848333333333	NA	mouse
1164	17127	Q8BUN5	0.1448	ED	mouse
1184	51813	Q62447	0.1600625	NA	mouse
1184	264064	Q5U427	0.1407625	NA	mouse
1184	19014	Q925J9	0.1865625	NA	mouse
1184	216154	Q6PGF3	0.102925	NA	mouse
1184	70208	Q80YQ2	0.1613375	UN	mouse
1184	23989	Q99K74	0.143025	NA	mouse
1184	69792	Q921D4	0.1156125	NA	mouse
1184	230753	Q569Z6	0.1879625	UN	mouse
1184	59024	A2AGH6	0.107175	NA	mouse
1212	20619	O09044	0.18635	NA	mouse
1212	20909	P70452	0.1986	NA	mouse
1212	22320	O70404	0.22205	NED	mouse
1246	67838	Q99KV1	0.4729	UN	mouse
1246	14828	P20029	0.4729	UN	mouse
1371	14460	P17679	0.2528	NA	mouse
1371	16909	P25801	0.2109	NA	mouse
1371	21349	P22091	0.334966666667	NA	mouse
1371	21423	P15806	0.0074	NA	mouse
1373	14460	P17679	0.19425	NA	mouse
1373	16825	P70662	0.1378	NA	mouse
1373	16909	P25801	0.155475	NA	mouse
1373	21349	P22091	0.256325	NA	mouse
1373	21423	P15806	0.1363	NA	mouse
141	11308	Q8CBW3	0.19005	NA	mouse
141	13860	Q08509	0.1276	UN	mouse
141	20662	Q62245	0.13645	ED	mouse
146	20779	P05480	0.147566666667	NA	mouse
146	20964	O88935	0.2009	NA	mouse
146	13430	P39054	0.1368	ED	mouse
154	12914	P45481	0.3208	NA	mouse
154	328572	Q8BJ14	0.2994	NA	mouse
154	17977	P70365	0.263	NA	mouse
1595	11350	P00520	0.08385	NA	mouse
1595	63955	Q9ESJ1	0.0824	NA	mouse
1595	12568	P49615	0.07285	UN	mouse
161	17975	P09405	0.382933333333	UN	mouse
161	18148	Q61937	0.372	UN	mouse
161	11545	P11103	0.3134	NA	mouse
161	20947	Q6A028	0.1902	ED	mouse
168	13858	P42567	0.14905	NA	mouse
168	15239	Q99LI8	0.06855	NA	mouse
168	56324	O88811	0.1764	UN	mouse
1782	21812	Q64729	0.3802	NA	mouse
1782	21813	Q62312	0.3802	NA	mouse
1804	56513	Q9Z101	0.0665	NA	mouse
1804	75788	Q9CUN6	0.0665	NA	mouse
1829	17127	Q8BUN5	0.0573	ED	mouse
1829	22337	P48281	0.0573	NA	mouse
1843	11789	Q61315	0.1226	NA	mouse
1843	56419	Q9Z207	0.08105	UN	mouse
1843	13589	Q61166	0.19025	ED	mouse
187	11308	Q8CBW3	0.24905	NA	mouse
187	20430	Q7TMB8	0.2364	NED	mouse
187	50884	P28660	0.12285	NED	mouse
187	19353	Q8BPG5	0.267875	NA	mouse
187	242687	Q8BH43	0.185425	ED	mouse
188	11308	Q8CBW3	0.2097	NA	mouse
188	20430	Q7TMB8	0.228766666667	NED	mouse
188	50884	P28660	0.095	NED	mouse
188	242687	Q8BH43	0.167666666667	ED	mouse
216	59020	Q9JIL4	0.30575	NA	mouse
216	67182	Q9CQH0	0.2755	NA	mouse
216	20505	Q60825	0.35805	NA	mouse
2169	75717	Q9D5V5	0.1584	ED	mouse
2169	415115	Q9D0S4	0.0362	NA	mouse
2169	56438	P62878	0.2622	NA	mouse
2169	67923	P83940	0.1623	NA	mouse
2169	67673	P62869	0.20775	UN	mouse
2184	14460	P17679	0.6352	NA	mouse
2184	14582	O70237	0.6352	NA	mouse
2185	14460	P17679	0.2795	NA	mouse
2185	16825	P70662	0.0195	NA	mouse
2185	21349	P22091	0.2804	NA	mouse
2186	14460	P17679	0.0364	NA	mouse
2186	93762	Q91ZW3	0.0364	NED	mouse
2190	26965	Q9WTX6	0.1001	UN	mouse
2190	50764	Q9QZN0	0.02425	NA	mouse
2190	21402	Q9WTX5	0.11955	UN	mouse
2193	26965	Q9WTX6	0.1522	UN	mouse
2193	67731	Q9CPU7	0.0646	NA	mouse
2193	56438	P62878	0.214966666667	NA	mouse
2193	21402	Q9WTX5	0.183033333333	UN	mouse
2194	26965	Q9WTX6	0.120266666667	UN	mouse
2194	230904	Q80UW2	0.00563333333333	NA	mouse
2194	56438	P62878	0.1807	NA	mouse
2194	21402	Q9WTX5	0.190266666667	UN	mouse
2221	12144	O88700	0.310425	UN	mouse
2221	55993	Q99MT2	-0.00795	NA	mouse
2221	68275	Q8VEE4	0.290875	NED	mouse
2221	19891	Q62193	0.344525	NA	mouse
2221	68240	Q9CQ71	0.275575	NA	mouse
2225	97122	P62806	NA	NED	mouse
2225	17685	P43247	0.5176	NED	mouse
2225	17688	P54276	0.5176	NED	mouse
2360	227753	P13020	0.2084	NA	mouse
2360	16410	P43406	0.21155	UN	mouse
2360	16416	O54890	0.17665	NA	mouse
2386	16402	P11688	0.175	NED	mouse
2386	16412	P09055	0.18815	UN	mouse
2386	67916	Q99JY8	0.12965	ED	mouse
239	433759	O09106	0.16225	UN	mouse
239	20467	Q62141	0.1897	NA	mouse
239	71954	Q8BR65	0.11265	NA	mouse
2427	11495	Q60718	0.0588	NA	mouse
2427	16401	Q00651	0.07765	NA	mouse
2427	16412	P09055	0.10585	UN	mouse
249	12366	P29594	0.1491	NA	mouse
249	19765	Q62172	0.13265	NA	mouse
249	22030	P39429	0.07555	NA	mouse
25	11622	P30561	0.0447	NA	mouse
25	11632	O08915	0.0500666666667	UN	mouse
25	15519	P07901	0.2382	UN	mouse
25	15516	P11499	0.2633	UN	mouse
2539	14784	Q60631	0.196	ED	mouse
2539	56743	Q9JHL0	0.196	NA	mouse
2545	14784	Q60631	0.1074	ED	mouse
2545	20662	Q62245	0.1074	ED	mouse
2548	13649	Q01279	0.07315	UN	mouse
2548	14784	Q60631	0.04305	ED	mouse
2548	20662	Q2M4G6	0.1375	NA	mouse
2553	14784	Q60631	0.13555	ED	mouse
2553	20416	P98083	0.17185	NA	mouse
2553	20662	Q2M4G6	0.1437	NA	mouse
2568	14360	P39688	0.12255	NA	mouse
2568	20400	O88890	0.1812	NA	mouse
2568	27218	Q9QUM4	0.15445	NA	mouse
2569	16331	Q9ES52	0.1284	NA	mouse
2569	20400	O88890	0.15625	NA	mouse
2569	27218	Q9QUM4	0.18525	NA	mouse
257	76915	Q8K396	0.3473	NA	mouse
257	19183	O35047	0.3473	NA	mouse
2570	20400	O88890	0.2131	NA	mouse
2570	27218	Q9QUM4	0.2131	NA	mouse
2583	12988	P41241	0.1536	ED	mouse
2583	20218	Q60749	0.1536	NED	mouse
2584	12988	P41241	-0.0239	ED	mouse
2584	17829	Q02496	-0.0239	NA	mouse
2585	16572	P33175	0.2135	NA	mouse
2585	16573	Q61768	0.1067	UN	mouse
2585	16593	O88447	0.2894	NA	mouse
2586	16572	P33175	0.1243	NA	mouse
2586	16573	Q61768	0.00225	UN	mouse
2586	16594	O88448	0.09575	NA	mouse
2587	16572	P33175	0.307	NA	mouse
2587	16593	O88447	0.28265	NA	mouse
2587	16594	O88448	0.19345	NA	mouse
2591	15378	P49698	0.0485	NA	mouse
2591	19017	O70343	0.1044	NA	mouse
2591	93759	Q923E4	0.0039	NA	mouse
2682	170770	Q99ML1	0.141	NA	mouse
2682	12048	Q64373	0.215	NA	mouse
2682	22059	P02340	0.2153	NA	mouse
272	13528	O70585	0.0614333333333	NA	mouse
272	94245	Q91WZ8	0.1273	NA	mouse
272	17828	Q8R015	0.102033333333	NA	mouse
272	18457	Q9R0C0	0.126166666667	NA	mouse
2729	16202	O55222	0.24225	UN	mouse
2729	110829	Q99JW4	0.2074	ED	mouse
2729	57342	Q9EPC1	0.21625	NA	mouse
2742	14461	O09100	0.185233333333	NA	mouse
2742	16909	P25801	0.195466666667	NA	mouse
2742	21349	P22091	0.267933333333	NA	mouse
2742	21423	P15806	0.0223	NA	mouse
2747	14460	P17679	0.3341	NA	mouse
2747	22761	O35615	0.3341	NA	mouse
2750	107932	Q6PDQ2	0.178683333333	NA	mouse
2750	14460	P17679	0.0558166666667	NA	mouse
2750	229542	Q8VHR5	0.1597	UN	mouse
2750	433759	O09106	0.15055	UN	mouse
2750	15182	P70288	0.187991666667	UN	mouse
2750	17191	Q9Z2E1	0.153725	NA	mouse
2750	17192	Q9Z2D8	0.203608333333	UN	mouse
2750	116870	Q8K4B0	0.184458333333	NA	mouse
2750	23942	Q9R190	0.184633333333	UN	mouse
2750	116871	Q924K8	0.15915	NA	mouse
2750	19646	Q60972	0.258525	UN	mouse
2750	245688	Q60973	0.12995	UN	mouse
2750	22761	O35615	0.127975	NA	mouse
2771	13404	Q61880	0.0961	NA	mouse
2771	19361	Q08297	0.0961	NA	mouse
2777	26940	Q9QZH6	0.029	NA	mouse
2777	17128	P97471	0.029	ED	mouse
2778	26940	Q9QZH6	0.0333	NA	mouse
2778	17125	P70340	0.0333	NA	mouse
2779	26940	Q9QZH6	0.03115	NA	mouse
2779	17125	P70340	0.15135	NA	mouse
2779	17128	P97471	0.1492	ED	mouse
2835	11461	P60710	NA	UN	mouse
2835	20430	Q7TMB8	0.114257142857	NED	mouse
2835	13429	P39053	0.1822	NA	mouse
2835	15481	P63017	0.0956142857143	NED	mouse
2835	50884	P28660	0.1488	NED	mouse
2835	18645	Q9JJV2	0.147942857143	NA	mouse
2835	19878	P70336	0.111485714286	UN	mouse
2835	20964	O88935	0.109357142857	NA	mouse
2835	20965	Q64332	0.173285714286	NA	mouse
2840	16573	Q61768	0.07815	UN	mouse
2840	16593	O88447	0.17585	NA	mouse
2840	16594	O88448	0.0714	NA	mouse
2845	12018	O08734	0.2301	UN	mouse
2845	12028	Q07813	0.14555	ED	mouse
2845	78943	Q9EQY0	0.06575	NA	mouse
2866	21677	P48301	0.3182	NA	mouse
2866	22601	P46938	0.3182	NA	mouse
2867	21676	P30051	0.3738	NA	mouse
2867	22601	P46938	0.3738	NA	mouse
2868	21678	P70210	0.1273	NA	mouse
2868	22601	P46938	0.1273	NA	mouse
2869	21679	Q62296	0.1741	NA	mouse
2869	22601	P46938	0.1741	NA	mouse
2870	17475	Q8VBX6	0.26305	NA	mouse
2870	21677	P48301	0.27125	NA	mouse
2870	22601	P46938	0.31	NA	mouse
2870	22630	P68254	NA	UN	mouse
2899	17060	Q9QUN3	0.13775	NA	mouse
2899	56743	Q9JHL0	0.28125	NA	mouse
2899	18803	Q62077	0.1211	NA	mouse
2900	17060	Q9QUN3	0.3245	NA	mouse
2900	56743	Q9JHL0	0.31285	NA	mouse
2900	234779	Q8CIH5	0.33945	NA	mouse
2902	17060	Q9QUN3	0.20915	NA	mouse
2902	14784	Q60631	0.1582	ED	mouse
2902	56743	Q9JHL0	0.24695	NA	mouse
294	18971	P52431	0.334833333333	NED	mouse
294	18972	O35654	0.2973	NA	mouse
294	67967	Q9EQ28	0.2433	NA	mouse
294	69745	Q9CWP8	0.0388333333333	NA	mouse
2940	17536	P97367	0.20705	NA	mouse
2940	18514	P41778	0.18515	NA	mouse
2940	18609	P52946	0.044	NA	mouse
295	16881	P37913	0.492733333333	UN	mouse
295	18538	P17918	0.451633333333	NED	mouse
295	18972	O35654	0.390466666667	NA	mouse
295	67967	Q9EQ28	0.3741	NA	mouse
2954	2033	Q09472	NA	NA	mouse
2954	18128	Q01705	0.142	NA	mouse
2954	8850	Q92831	NA	NA	mouse
2954	17125	P70340	0.142	NA	mouse
2967	104099	Q91YD5	0.12575	NA	mouse
2967	16412	P09055	0.24215	UN	mouse
2967	21825	P35441	0.2304	NA	mouse
2973	330938	Q80Y83	0.19465	NA	mouse
2973	13543	Q60838	0.2048	NA	mouse
2973	19353	P63001	0.16275	NA	mouse
2977	12005	O35625	0.1469	NA	mouse
2977	330938	Q80Y83	0.1469	NA	mouse
2978	12005	O35625	0.0581	NA	mouse
2978	26401	P53349	0.0581	NA	mouse
2979	12005	O35625	0.3648	NA	mouse
2979	26407	O08648	0.3648	NA	mouse
2980	330938	Q80Y83	0.1316	NA	mouse
2980	26407	O08648	0.1316	NA	mouse
2987	14225	P26883	0.0629	ED	mouse
2987	56717	Q9JLN9	0.0629	UN	mouse
3013	11789	Q61315	0.26605	NA	mouse
3013	13367	O08808	0.227	NA	mouse
3013	13589	Q61166	0.19275	ED	mouse
3014	269397	Q7TQF3	0.0148	NA	mouse
3014	50878	O70576	0.1477	NA	mouse
3014	20957	Q62209	0.15	NA	mouse
3016	50878	O70576	0.2401	NA	mouse
3016	20962	P70281	0.2401	NA	mouse
3018	269397	Q7TQF3	0.0408	NA	mouse
3018	320558	Q9CUU3	0.0408	NA	mouse
3019	70099	Q8CG47	-0.0414	NA	mouse
3019	269397	Q7TQF3	-0.0414	NA	mouse
3021	140557	Q920F6	0.1646	NA	mouse
3021	269397	Q7TQF3	0.1646	NA	mouse
3022	56739	Q8C5S7	0.08345	NA	mouse
3022	269397	Q7TQF3	0.04235	NA	mouse
3022	20957	Q62209	0.0582	NA	mouse
3023	140557	Q920F6	0.31505	NA	mouse
3023	269397	Q7TQF3	0.09085	NA	mouse
3023	20957	Q62209	0.2413	NA	mouse
3024	13006	Q9CW03	0.05895	UN	mouse
3024	269397	Q7TQF3	0.05405	NA	mouse
3024	20957	Q62209	0.022	NA	mouse
3029	67040	Q501J6	0.428883333333	ED	mouse
3029	13207	Q61656	0.436166666667	UN	mouse
3029	94223	Q9EQM6	0.269916666667	ED	mouse
3029	13204	O35286	0.4479	UN	mouse
3029	59013	O35737	0.473533333333	UN	mouse
3029	76936	Q9D0E1	0.417133333333	NA	mouse
3029	14000	Q5HZJ0	NA	NA	mouse
3029	230908	Q921F2	0.436333333333	UN	mouse
3037	26965	Q9WTX6	0.1502	UN	mouse
3037	72194	Q9CZV8	0.1084	NA	mouse
3037	21402	Q9WTX5	0.1536	UN	mouse
3047	12181	P97452	0.306870212766	UN	mouse
3047	67239	Q9JJ80	0.326280851064	NA	mouse
3047	984	P21127	NA	NA	mouse
3047	12607	P53569	0.274553191489	NED	mouse
3047	66942	Q8K363	0.358670212766	UN	mouse
3047	56200	Q9JIK5	0.364572340426	UN	mouse
3047	27225	Q9ESV0	0.250136170213	UN	mouse
3047	228889	Q921N6	0.340287234043	UN	mouse
3047	13207	Q61656	0.250153191489	UN	mouse
3047	52513	Q9D0R4	0.308465957447	UN	mouse
3047	1665	O43143	NA	NA	mouse
3047	69072	Q9D903	0.379987234043	UN	mouse
3047	67160	Q9D8N0	0.440361702128	UN	mouse
3047	14113	P35550	0.429914893617	UN	mouse
3047	14268	P11276	0.0399361702128	UN	mouse
3047	56095	Q9DBE9	0.35834893617	UN	mouse
3047	2622	O95995	NA	NA	mouse
3047	230737	Q99LH1	0.300714893617	NED	mouse
3047	69237	Q99ME9	0.324491489362	UN	mouse
3047	67949	Q91VE6	0.323625531915	UN	mouse
3047	84057	Q9BWT6	NA	NA	mouse
3047	69902	Q9D0I8	0.340176595745	NED	mouse
3047	18432	Q7TPV4	0.398493617021	UN	mouse
3047	17975	P09405	0.385731914894	UN	mouse
3047	110109	Q922K7	0.320836170213	NA	mouse
3047	55989	Q6DFW4	0.335178723404	UN	mouse
3047	67134	Q9D6Z1	0.400861702128	NED	mouse
3047	64934	Q9EQ61	0.355742553191	UN	mouse
3047	5303	Q9Y237	NA	NA	mouse
3047	55131	Q9NW13	NA	NA	mouse
3047	6134	P27635	NA	NA	mouse
3047	4736	P62906	NA	NA	mouse
3047	270106	P47963	0.420938297872	UN	mouse
3047	22121	P19253	0.4401	ED	mouse
3047	67115	Q9CR57	0.456210638298	NED	mouse
3047	66480	Q9CZM2	0.419557446809	NED	mouse
3047	19899	P35980	0.464291489362	NA	mouse
3047	76808	P62717	0.415446808511	NED	mouse
3047	19921	P84099	0.432565957447	NA	mouse
3047	19933	O09167	0.404168085106	NA	mouse
3047	19941	P61255	0.394195744681	NED	mouse
3047	27367	P27659	0.412555319149	NED	mouse
3047	67891	Q9D8E6	0.436055319149	NA	mouse
3047	19983	P47962	NA	NED	mouse
3047	19988	P47911	0.469346808511	NED	mouse
3047	19989	P14148	0.420291489362	UN	mouse
3047	27176	P12970	0.427374468085	NED	mouse
3047	26961	P62918	0.476776595745	NED	mouse
3047	11837	P14869	0.437112765957	UN	mouse
3047	27050	P62908	0.423657446809	NED	mouse
3047	20091	P97351	NA	NED	mouse
3047	20102	P62702	0.37384893617	NED	mouse
3047	20104	P62754	0.231046808511	NED	mouse
3047	20116	P62242	0.44240212766	NED	mouse
3047	6203	P46781	NA	NA	mouse
3047	18114	P56183	0.312638297872	NA	mouse
3047	59014	Q9CYH6	0.312612765957	NED	mouse
3047	26156	O76021	NA	NA	mouse
3047	22974	Q9ULW0	NA	NA	mouse
3047	10376	P68363	NA	NA	mouse
3047	22154	P99024	0.342714893617	UN	mouse
3047	57750	Q9JJA4	0.314840425532	UN	mouse
3049	17187	P28574	0.12205	NA	mouse
3049	17119	P50538	0.1201	NA	mouse
3049	20466	Q60520	0.05055	UN	mouse
3050	17187	P28574	0.14915	NA	mouse
3050	17119	P50538	0.2175	NA	mouse
3050	20467	Q62141	0.17505	NA	mouse
3068	280668	Q60813	0.2537	NA	mouse
3068	11495	Q60718	0.2537	NA	mouse
3094	17827	P47802	0.1905	ED	mouse
3094	53375	O88441	0.1905	UN	mouse
3100	19017	O70343	0.0705	NA	mouse
3100	22632	Q00899	0.0705	NA	mouse
3101	56717	Q9JLN9	0.09765	UN	mouse
3101	19017	O70343	0.08305	NA	mouse
3101	22632	Q00899	0.0851	NA	mouse
3114	78369	Q9ERM2	0.00795	NA	mouse
3114	16411	Q9QXH4	0.2415	NA	mouse
3114	16414	P11835	0.27475	NA	mouse
3119	12361	O70589	0.0901	NA	mouse
3119	234678	Q6PER2	0.0537	NA	mouse
3119	14812	Q01097	0.18114	NA	mouse
3119	16559	Q99PW8	0.1475	NA	mouse
3119	108030	Q8JZS0	0.126	NA	mouse
3130	14797	P63002	0.2216	NA	mouse
3130	21887	Q08122	0.2216	NA	mouse
3143	11308	Q8CBW3	0.19005	NA	mouse
3143	13860	Q08509	0.1276	UN	mouse
3143	20662	Q62245	0.13645	ED	mouse
3152	18128	Q01705	NA	NA	mouse
3169	12005	O35625	0.2367	NA	mouse
3169	13163	O35613	0.2367	NA	mouse
317	13405	P11531	0.147828571429	NA	mouse
317	13527	Q9D2N4	0.159928571429	NA	mouse
317	13528	O70585	0.0846	NA	mouse
317	20650	Q61235	0.0638571428571	ED	mouse
3171	14806	P39087	0.138	NA	mouse
3171	14809	Q61626	0.138	NA	mouse
3178	327826	Q8C180	0.2151	NA	mouse
3178	19247	P35235	0.2151	ED	mouse
3179	14784	Q60631	0.0902	ED	mouse
3179	19247	P35235	0.0902	ED	mouse
3180	19247	P35235	0.3065	ED	mouse
3180	20662	Q62245	0.3065	ED	mouse
3192	14688	P62874	0.16055	UN	mouse
3192	14702	P63213	0.1629	NA	mouse
3192	208727	Q6NZM9	0.16235	ED	mouse
3193	14688	P62874	0.14125	UN	mouse
3193	14702	P63213	0.14785	NA	mouse
3193	15184	Q9Z2V6	0.128	NA	mouse
3195	12229	P35991	0.14385	NA	mouse
3195	14688	P62874	0.10865	UN	mouse
3195	14702	P63213	0.1963	NA	mouse
3201	16331	Q9ES52	0.1642	NA	mouse
3201	20416	P98083	0.1642	NA	mouse
3202	12983	P26955	0.2566	NA	mouse
3202	16331	Q9ES52	0.2956	NA	mouse
3202	20416	P98083	0.1252	NA	mouse
3203	14784	Q60631	0.18415	ED	mouse
3203	16331	Q9ES52	0.1844	NA	mouse
3203	20416	P98083	0.16395	NA	mouse
3212	23808	Q91X20	0.143933333333	NA	mouse
3212	18509	P47239	-0.0197	NA	mouse
3212	75410	O08550	0.0947	NA	mouse
3212	140858	P61965	0.1544	NA	mouse
3218	270118	Q7TPU6	-0.0349	NA	mouse
3218	18131	Q61982	-0.01365	NA	mouse
3218	19664	P31266	-0.02415	NA	mouse
3222	433586	Q69Z97	NA	NA	mouse
3222	18131	Q61982	-0.0029	NA	mouse
3222	19664	P31266	-0.0029	NA	mouse
3226	12505	P15379	0.2099	NA	mouse
3226	16149	P04441	0.2099	NA	mouse
3230	107951	Q99J95	0.0722	UN	mouse
3230	16195	Q00560	0.0722	NA	mouse
3235	19213	Q9QX98	-0.0024	NA	mouse
3235	19664	P31266	0.0874	NA	mouse
3235	21406	Q61286	0.1316	NA	mouse
325	24051	P82349	0.2111	NA	mouse
325	24052	P82347	0.20235	NA	mouse
325	24053	P82348	0.29295	NA	mouse
325	244431	Q8BX51	NA	NA	mouse
326	24051	P82349	0.1205	NA	mouse
326	24052	P82347	0.1205	NA	mouse
326	244431	Q8BX51	NA	NA	mouse
3289	121021	Q8VHY0	0.0111	NA	mouse
3289	14800	P23819	0.10965	NA	mouse
3289	74053	Q925T6	0.09235	NA	mouse
332	20391	P82350	0.2788	NA	mouse
332	24051	P82349	0.224866666667	NA	mouse
332	20392	O70258	0.1079	NA	mouse
332	24053	P82348	0.342033333333	NA	mouse
333	20391	P82350	0.367466666667	NA	mouse
333	24051	P82349	0.193566666667	NA	mouse
333	24052	P82347	0.234033333333	NA	mouse
333	24053	P82348	0.4108	NA	mouse
334	24051	P82349	0.2122	NA	mouse
334	24052	P82347	0.172433333333	NA	mouse
334	20392	O70258	0.134966666667	NA	mouse
334	24053	P82348	0.221266666667	NA	mouse
337	13405	P11531	0.1753	NA	mouse
337	20391	P82350	0.209811111111	NA	mouse
337	24051	P82349	0.0994666666667	NA	mouse
337	24052	P82347	0.138677777778	NA	mouse
337	24053	P82348	0.228588888889	NA	mouse
337	20650	Q61235	0.0446444444444	ED	mouse
3457	18148	Q61937	NA	UN	mouse
3457	18150	Q9CPP0	NA	UN	mouse
346	13138	Q62165	0.16772	UN	mouse
346	20391	P82350	0.31082	NA	mouse
346	24051	P82349	0.22336	NA	mouse
346	24052	P82347	0.21612	NA	mouse
346	24053	P82348	0.34408	NA	mouse
346	16651	Q62147	0.31218	NA	mouse
347	20391	P82350	0.35195	NA	mouse
347	24051	P82349	0.231475	NA	mouse
347	24052	P82347	0.2494	NA	mouse
347	24053	P82348	0.39365	NA	mouse
347	16651	Q62147	0.322075	NA	mouse
3489	12224	Q9Z0Z7	0.0954	NA	mouse
3489	56469	O88907	0.0954	ED	mouse
349	20391	P82350	0.26485	NA	mouse
349	24051	P82349	0.14855	NA	mouse
349	24052	P82347	0.1744125	NA	mouse
349	24053	P82348	0.28875	NA	mouse
349	20648	Q61234	0.18025	NA	mouse
349	20649	Q99L88	0.066725	NA	mouse
349	16651	Q62147	0.2214375	NA	mouse
349	13527	Q9D2N4	0.244075	NA	mouse
3539	29806	Q9QXD8	0.0335	ED	mouse
3539	18762	Q02956	0.123233333333	NA	mouse
3539	18412	Q64337	0.1033	ED	mouse
3539	22034	P70196	0.183566666667	NA	mouse
3553	18759	Q62074	0.18545	UN	mouse
3553	18412	Q64337	0.11235	ED	mouse
3553	22034	P70196	0.2066	NA	mouse
3559	13001	P67871	-0.0247	UN	mouse
3559	14173	P15655	-0.0247	NA	mouse
3563	14173	P15655	0.0678	NA	mouse
3563	110651	P18654	0.0678	UN	mouse
3569	27494	Q8VHG2	0.1263	NA	mouse
3569	18815	P20918	0.1263	NA	mouse
358	319583	Q8BTF7	0.1606	NA	mouse
358	19090	P97313	0.1606	NA	mouse
358	108138	Q924T3	NA	NA	mouse
366	19373	P15919	0.5893	NA	mouse
366	19374	P21784	0.5893	NA	mouse
367	15289	P63158	0.124075	ED	mouse
367	19373	P15919	0.231575	NA	mouse
367	19374	P21784	0.1757	NA	mouse
367	22596	P27641	0.11045	NA	mouse
367	14375	P23475	0.2593	UN	mouse
37	22295	Q99PF4	0.1913	NA	mouse
37	72088	Q9ES64	0.1913	NA	mouse
3712	17126	Q62432	0.1606	NA	mouse
3712	17128	P97471	0.1606	ED	mouse
3713	17127	Q8BUN5	0.207	ED	mouse
3713	17128	P97471	0.207	ED	mouse
3715	18541	P48725	0.19375	UN	mouse
3715	74237	Q921G8	0.202	UN	mouse
3715	259279	P58854	0.21625	UN	mouse
3741	11891	Q9ERI2	NA	NA	mouse
3741	236643	Q80T23	NA	NA	mouse
382	78330	Q91WP8	0.406362857143	NA	mouse
382	17721	Q9MD82	NA	NA	mouse
382	17716	P03888	NA	NA	mouse
382	17718	P03899	NA	NA	mouse
382	17719	P03911	NA	NA	mouse
382	54405	O35683	0.38632	NA	mouse
382	67273	Q99LC3	0.379757142857	NED	mouse
382	69875	Q9D8B4	0.49442	NA	mouse
382	66414	Q7TMF3	0.470911428571	NA	mouse
382	67184	Q9ERS2	0.442191428571	NED	mouse
382	17991	Q9CQ75	0.423634285714	NA	mouse
382	66091	Q9CQ91	0.41632	NA	mouse
382	17992	Q62425	0.412625714286	UN	mouse
382	68202	Q9CPP6	0.46268	NED	mouse
382	67130	Q9CQZ5	0.452871428571	NED	mouse
382	66416	Q9Z1P6	0.456548571429	NA	mouse
382	68375	Q9DCJ5	0.438537142857	UN	mouse
382	66108	Q9DC69	0.36836	UN	mouse
382	70316	Q9CR21	0.472431428571	NA	mouse
382	68342	Q9DCS9	0.467154285714	UN	mouse
382	104130	O09111	0.478094285714	NA	mouse
382	68198	Q9CPU2	0.47912	NA	mouse
382	66495	Q9CQZ6	0.427854285714	UN	mouse
382	68194	Q9CQC7	-0.0190971428571	NA	mouse
382	66046	Q9CQH3	0.485777142857	NA	mouse
382	230075	Q3UIU2	0.457454285714	NA	mouse
382	66916	Q9CR61	0.484828571429	NA	mouse
382	67264	Q9D6J5	0.46698	NA	mouse
382	66218	Q9CQJ8	0.510322857143	NED	mouse
382	68197	Q9CQ54	0.451225714286	UN	mouse
382	227197	Q91VD9	0.32336	NED	mouse
382	226646	Q91WD5	0.396522857143	NED	mouse
382	68349	Q9DCT2	0.435634285714	NA	mouse
382	17993	Q9CXZ1	0.404817142857	NED	mouse
382	595136	Q99LY9	0.47034	NA	mouse
382	407785	P52503	0.492817142857	NA	mouse
382	75406	Q9DC70	0.45408	NA	mouse
382	225887	Q8K3J1	0.464177142857	NED	mouse
382	17995	Q91YT0	0.4156	NA	mouse
382	72900	Q9D6J6	0.479302857143	NED	mouse
3837	13555	Q61501	0.0743	NA	mouse
3837	20683	O89090	0.0743	NA	mouse
384	11514	P97490	0.0329666666667	NA	mouse
384	11555	P18762	0.01725	NA	mouse
384	12288	Q01815	0.0767166666667	NA	mouse
384	12391	P51637	0.0515166666667	NA	mouse
384	14683	P63094	0.157516666667	NED	mouse
384	51792	Q76MZ3	0.09495	UN	mouse
384	19088	P31324	0.0676166666667	ED	mouse
3867	12558	P15116	0.0935666666667	ED	mouse
3867	12387	Q02248	0.106233333333	NED	mouse
3867	12388	P30999	0.135766666667	NA	mouse
3867	22437	O70373	-0.0301666666667	NA	mouse
3882	27409	Q99PE8	0.6213	NA	mouse
3882	67470	Q9DBM0	0.6213	NA	mouse
3883	11307	Q64343	-0.0143	NA	mouse
3883	27409	Q99PE8	-0.0143	NA	mouse
3884	26357	Q7TMS5	0.0549	NA	mouse
3884	27409	Q99PE8	0.0549	NA	mouse
3886	192663	Q91WA9	0.1226	NA	mouse
3886	27409	Q99PE8	0.1226	NA	mouse
3888	192663	Q91WA9	0.3392	NA	mouse
3888	67470	Q9DBM0	0.3392	NA	mouse
39	26440	Q9R1P4	0.386076923077	UN	mouse
39	19166	P49722	0.397246153846	NED	mouse
39	19167	O70435	0.3534	UN	mouse
39	26441	Q9R1P0	0.421038461538	NED	mouse
39	26442	Q9Z2U1	0.435023076923	NED	mouse
39	26443	Q9QUM9	0.4069	NED	mouse
39	26444	Q9Z2U0	0.4316	UN	mouse
39	19170	O09061	0.436907692308	UN	mouse
39	19171	O35955	0.288215384615	UN	mouse
39	26445	Q9R1P3	0.365046153846	UN	mouse
39	26446	Q9R1P1	0.377215384615	NED	mouse
39	19172	P99026	0.439861538462	NED	mouse
39	16913	P28063	0.243992307692	ED	mouse
39	16912	P28076	0.228169230769	NA	mouse
3943	21428	O08609	0.0626	NA	mouse
3943	208104	Q3UPW8	0.0626	NA	mouse
3952	21428	O08609	0.1134	NA	mouse
3952	17119	P50538	0.1134	NA	mouse
398	13897	Q64176	-0.0268	NA	mouse
398	110006	P12265	-0.0268	UN	mouse
4055	12005	O35625	0.13745	NA	mouse
4055	13542	P51141	0.13955	NA	mouse
4055	56637	Q9WV60	0.1005	ED	mouse
4056	12005	O35625	0.1022	NA	mouse
4056	13542	P51141	0.100233333333	NA	mouse
4056	14296	P70339	0.0458666666667	NA	mouse
4056	56637	Q9WV60	0.0951	ED	mouse
413	29867	Q9JLK7	-0.000866666666667	NA	mouse
413	67838	Q99KV1	0.331	UN	mouse
413	22027	P08113	0.318811111111	UN	mouse
413	14828	P20029	0.341022222222	UN	mouse
413	12282	Q9JKR6	0.257055555556	UN	mouse
413	18453	P09103	0.264744444444	UN	mouse
413	12304	P08003	0.296244444444	UN	mouse
413	19035	P24369	0.277122222222	UN	mouse
413	64136	Q9ESP1	0.335055555556	ED	mouse
413	320011	Q6P5E4	0.2577	UN	mouse
416	13405	P11531	0.1533	NA	mouse
416	18125	Q9Z0J4	0.1533	NA	mouse
427	22019	Q64514	NA	NA	mouse
440	66945	Q8K2B3	0.397166666667	NED	mouse
440	67680	Q9CQA3	0.4488	UN	mouse
440	66052	Q9CZB0	0.447766666667	NA	mouse
440	66925	Q9CXV1	0.461666666667	NA	mouse
454	12995	Q60737	0.1536	UN	mouse
454	67603	Q9DBB1	0.1536	NA	mouse
47	18968	P33609	0.535433333333	NED	mouse
47	18969	P33611	0.4561	NED	mouse
47	19075	P20664	0.565466666667	NED	mouse
47	19076	P33610	0.5398	NED	mouse
480	21339	P97357	0.126	NA	mouse
480	21340	P97358	0.0871666666667	NA	mouse
480	21341	Q6PDZ2	0.0723666666667	NA	mouse
480	21374	P29037	0.129666666667	NA	mouse
482	14389	Q9Z1S8	0.13598	NA	mouse
482	14784	Q60631	0.08988	ED	mouse
482	18708	P26450	0.12362	UN	mouse
482	19247	P35235	0.16172	ED	mouse
482	19713	P35546	0.09016	NA	mouse
482	20416	P98083	0.14608	NA	mouse
488	239027	Q8BL80	-0.0365	NA	mouse
488	22344	Q5SXC4	-0.0365	UN	mouse
495	66445	Q9D0M3	0.421525	NED	mouse
495	17711	P00158	NA	NA	mouse
495	66594	Q9CPX8	0.5052625	UN	mouse
495	66152	Q8R1I1	0.4466	UN	mouse
495	67530	Q9D855	0.3879625	NA	mouse
495	22273	Q9CZ13	0.4376375	NED	mouse
495	67003	Q9DB77	0.3978625	NED	mouse
495	66694	Q9CR68	0.45895	UN	mouse
495	66576	P99028	0.41765	ED	mouse
495	22272	Q9CQ69	0.48395	NED	mouse
496	270627	Q80UV9	0.183827272727	NA	mouse
496	24075	Q8K0H5	0.161118181818	NA	mouse
496	68776	Q99JX1	0.1773	NA	mouse
496	66464	Q8VE65	0.177645454545	NA	mouse
496	319944	Q8C176	0.230354545455	NA	mouse
496	228980	Q91WW6	0.204781818182	NA	mouse
496	226182	Q8C092	0.177309090909	NA	mouse
496	21343	Q62311	0.120827272727	NA	mouse
496	24074	Q9R1C0	0.189936363636	NA	mouse
496	63856	Q9EQH4	0.156181818182	NA	mouse
496	108143	Q8VI33	0.2027	NA	mouse
496	21374	P29037	0.184527272727	NA	mouse
498	14370	Q61091	0.11335	NA	mouse
498	20187	Q01887	0.0873	NA	mouse
498	22408	P04426	0.04235	NA	mouse
499	20187	Q01887	0.0163	NA	mouse
499	22408	P04426	0.0163	NA	mouse
50	54189	O35551	0.219	NA	mouse
50	56715	Q9JM13	0.219	UN	mouse
500	20187	Q01887	0.0588	NA	mouse
500	22416	P27467	0.0588	NA	mouse
5003	269523	Q01853	NA	UN	mouse
501	13542	P51141	0.1108	NA	mouse
501	20187	Q01887	0.1108	NA	mouse
505	13405	P11531	0.1003	NA	mouse
505	16513	Q9JM63	0.1003	NA	mouse
5115	13555	Q61501	0.12995	NA	mouse
5115	55942	Q9JL10	-0.03765	NA	mouse
5115	21781	Q08639	0.117	ED	mouse
5116	13555	Q61501	0.14125	NA	mouse
5116	58172	Q9JJG5	0.0358	NA	mouse
5116	21781	Q08639	0.17915	ED	mouse
5119	12567	P30285	NA	UN	mouse
5119	12581	Q60773	NA	NA	mouse
5120	12571	Q64261	NA	ED	mouse
5120	12581	Q60773	NA	NA	mouse
5127	12567	P30285	0.1602	UN	mouse
5127	12580	Q60772	0.1602	NA	mouse
5128	12571	Q64261	0.1293	ED	mouse
5128	12580	Q60772	0.1293	NA	mouse
5142	98758	Q9Z2X1	0.3893	UN	mouse
5142	59013	O35737	0.397266666667	UN	mouse
5142	19205	P17225	0.279966666667	NA	mouse
5142	56195	Q91Z31	0.290866666667	UN	mouse
5145	12444	P30280	0.2223	NA	mouse
5145	12567	P30285	0.2223	UN	mouse
5145	12581	Q60773	NA	NA	mouse
5172	208650	Q3TTA7	0.1165	NA	mouse
5172	13649	Q01279	0.03875	UN	mouse
5172	58194	Q8R550	0.11235	NA	mouse
5173	208650	Q3TTA7	0.1458	NA	mouse
5173	18596	P05622	0.11625	NED	mouse
5173	58194	Q8R550	0.16055	NA	mouse
5174	17257	Q9Z2D6	0.2297	NA	mouse
5174	67155	Q99KH6	0.15595	NA	mouse
5174	20587	Q9Z0H3	0.08845	NED	mouse
5175	15182	P70288	0.276716666667	UN	mouse
5175	17257	Q9Z2D6	0.178016666667	NA	mouse
5175	20466	Q60520	0.249333333333	UN	mouse
5175	67155	Q3UX55	0.178033333333	NA	mouse
5175	20587	Q9Z0H3	0.198983333333	NED	mouse
5175	20588	P97496	0.245033333333	NA	mouse
5175	57376	O54941	0.251783333333	UN	mouse
5185	15182	P70288	0.26722	UN	mouse
5185	17257	Q9Z2D6	0.19818	NA	mouse
5185	20466	Q60520	0.2235	UN	mouse
5185	67155	Q3UX55	0.16972	NA	mouse
5185	20587	Q9Z0H3	0.19256	NED	mouse
5185	57376	O54941	0.25422	UN	mouse
5192	13641	P52795	0.09095	NA	mouse
5192	13836	Q03145	0.08205	NED	mouse
5192	21844	Q60610	0.0562	NA	mouse
52	21454	P11983	0.597257142857	UN	mouse
52	12461	P80314	0.597285714286	UN	mouse
52	12462	P80318	0.538542857143	NED	mouse
52	12464	P80315	0.553485714286	UN	mouse
52	12465	P80316	0.572257142857	NED	mouse
52	12466	P80317	0.561585714286	NED	mouse
52	12468	P80313	0.558942857143	NED	mouse
52	12469	P42932	0.532471428571	UN	mouse
5227	56692	O88653	0.0777333333333	NA	mouse
5227	83409	Q9JHS3	0.149566666667	NA	mouse
5227	26413	P63085	0.1691	UN	mouse
5237	12578	Q64364	0.0461	ED	mouse
5237	17187	P28574	0.07285	NA	mouse
5237	17869	P01108	0.05625	NA	mouse
5252	13191	O08788	0.09365	NA	mouse
5252	15114	O35668	0.05865	NA	mouse
5252	15194	P42859	0.0626	UN	mouse
5271	12558	P15116	0.12625	ED	mouse
5271	12387	Q02248	0.2462	NED	mouse
5271	12388	P30999	0.1743	NA	mouse
5271	16569	Q61771	0.16635	ED	mouse
5271	16579	P70188	0.1827	NA	mouse
5291	12501	P22646	0.0763	NA	mouse
5291	50932	Q9JM52	0.05725	NA	mouse
5291	17973	Q8BMV0	-0.01245	NA	mouse
5292	23872	P15037	0.106966666667	NA	mouse
5292	20586	O35845	0.260133333333	NA	mouse
5292	20587	Q9Z0H3	0.248266666667	NED	mouse
5292	57376	O54941	0.230766666667	UN	mouse
5295	12503	P24161	NA	NA	mouse
5296	12501	P22646	NA	NA	mouse
5302	19339	P63011	0.22715	NA	mouse
5302	56508	Q9EQZ6	0.18505	NA	mouse
5302	116838	Q9EQZ7	0.2032	NA	mouse
5308	18012	Q60867	-0.0019	NA	mouse
5308	15370	P12813	-0.0125	NA	mouse
5308	19650	Q64701	-0.0057	ED	mouse
5309	12501	P22646	0.6485	NA	mouse
5309	12502	P11942	0.6485	NA	mouse
5310	12503	P24161	0.649033333333	NA	mouse
5310	12500	P04235	0.723	NA	mouse
5310	12501	P22646	0.6237	NA	mouse
5310	12502	P11942	0.7258	NA	mouse
5311	12330	P35564	-0.0284666666667	NED	mouse
5311	12503	P24161	0.428033333333	NA	mouse
5311	12501	P22646	0.3755	NA	mouse
5311	12502	P11942	0.443533333333	NA	mouse
5321	12606	P53566	0.0798	NA	mouse
5321	67155	O35846	0.0798	NA	mouse
5330	16842	P27782	-0.0207	NA	mouse
5330	21885	Q62440	-0.0207	NA	mouse
5333	12387	Q02248	0.1077	NED	mouse
5333	16842	P27782	0.0434	NA	mouse
5333	21885	Q62440	0.0436	NA	mouse
5348	30955	Q9JHG7	0.3882	NA	mouse
5348	320207	Q5SW28	0.3882	NA	mouse
5358	11848	Q3TN61	-0.0718	NA	mouse
5358	14787	Q61085	0.06035	NA	mouse
5358	76378	Q9ESG2	0.03555	NA	mouse
5365	257632	Q8K3Z0	NA	NA	mouse
5365	192656	P58801	NA	ED	mouse
537	57261	O35692	0.0837	NA	mouse
537	26896	A2ABV5	0.1512125	NED	mouse
537	216154	Q6PGF3	0.0481625	NA	mouse
537	234959	Q8VCD5	0.1958625	NED	mouse
537	56771	Q9R0X0	0.1341875	NA	mouse
537	108098	Q9CQ39	0.1793125	UN	mouse
537	67381	Q9CQA5	0.2163125	NED	mouse
537	69792	Q921D4	0.17645	NA	mouse
537	66213	Q9CZB6	0.143	NA	mouse
538	12857	P19783	0.471844444444	NED	mouse
538	12858	P12787	0.409377777778	NED	mouse
538	12859	P19536	0.505344444444	UN	mouse
538	12861	P43024	0.4928	UN	mouse
538	110323	P56391	0.498422222222	NED	mouse
538	12864	Q9CPQ1	0.509844444444	NA	mouse
538	12866	P48771	0.501266666667	NED	mouse
538	66142	P56393	NA	NA	mouse
538	12867	P17665	0.478055555556	NA	mouse
538	12868	Q64445	0.454577777778	NA	mouse
538	19224	Q9MD68	0.0134888888889	NA	mouse
538	17709	P00405	NA	NA	mouse
538	0	P00416	NA	NA	mouse
5402	12568	P49615	0.19225	UN	mouse
5402	12569	P61809	0.1429	NA	mouse
5402	18555	Q04735	0.19025	NA	mouse
5404	17927	P10085	-0.027	NA	mouse
5404	21423	P15806	-0.027	NA	mouse
5405	17927	P10085	NA	NA	mouse
5436	12443	P25322	0.114566666667	NA	mouse
5436	12567	P30285	0.0794666666667	UN	mouse
5436	12575	P39689	0.0963333333333	NA	mouse
5436	15511	P17879	0.0479	NA	mouse
5439	20471	Q62231	0.07	NA	mouse
5439	13134	Q9QYB2	0.114075	NA	mouse
5439	14048	P97767	0.156725	NA	mouse
5447	14811	P35436	0.1622	NA	mouse
5447	16975	Q924X6	0.1622	NA	mouse
5448	14812	Q01097	0.2084	NA	mouse
5448	16975	Q924X6	0.2084	NA	mouse
5452	54601	Q9WVH3	0.1742	NA	mouse
5452	214384	Q8VIM5	0.16925	NA	mouse
5452	20807	Q9JM73	0.13655	NA	mouse
5459	11789	Q61315	0.30985	NA	mouse
5459	12006	O88566	0.11935	NA	mouse
5459	12387	Q02248	0.3056	NED	mouse
5493	16202	O55222	0.23145	UN	mouse
5493	110829	Q99JW4	0.2362	ED	mouse
5493	19241	P20065	0.23425	NA	mouse
5524	12151	P25916	-0.0153666666667	NA	mouse
5524	12416	P30658	0.147	NA	mouse
5524	22658	P23798	0.0767666666667	NA	mouse
5524	13619	Q64028	0.0945333333333	NA	mouse
5566	16392	P61372	0.0134	NA	mouse
5566	16451	P52332	0.18175	NA	mouse
5566	20848	P42227	0.19695	NA	mouse
5574	30930	P40336	0.26425	UN	mouse
5574	56433	Q9QZ88	0.25965	NA	mouse
5574	65114	Q9EQH3	0.3462	UN	mouse
5578	13844	P54763	0.0968	NA	mouse
5578	15529	P43407	0.0968	NA	mouse
560	25559	Q09429	NA	NA	mouse
560	16514	Q61743	NA	NA	mouse
5616	15481	P63017	0.3142	NED	mouse
5616	15507	P14602	0.14	NA	mouse
5616	15505	Q61699	0.3148	UN	mouse
5627	22295	Q99PF4	-0.0162	NA	mouse
5627	17913	Q9WTI7	-0.0162	NA	mouse
5628	26408	O35099	0.107	NA	mouse
5628	22034	P70196	0.107	NA	mouse
5693	116848	Q91YE5	0.103633333333	NA	mouse
5693	13433	P13864	0.215733333333	UN	mouse
5693	13436	O88509	0.189166666667	NA	mouse
5693	433759	O09106	0.168	UN	mouse
5706	268697	P24860	0.8407	UN	mouse
5706	12534	P11440	0.8407	UN	mouse
572	107932	Q6PDQ2	0.1818	NA	mouse
572	15182	P70288	0.227358333333	UN	mouse
572	15289	P63158	0.215933333333	ED	mouse
572	22778	Q03267	0.0604833333333	NA	mouse
572	245688	Q60973	0.144466666667	UN	mouse
572	20587	Q9Z0H3	0.214525	NED	mouse
572	20588	P97496	0.242983333333	NA	mouse
572	68094	Q6PDG5	0.114483333333	NA	mouse
572	83797	Q61466	0.138641666667	NA	mouse
572	57376	O54941	0.229783333333	UN	mouse
572	11465	P63260	0.148583333333	UN	mouse
572	56456	Q9Z2N8	0.21815	NED	mouse
5725	12578	P51480	0.0409666666667	UN	mouse
5725	17246	P23804	0.154133333333	NA	mouse
5725	67025	Q9CXW4	0.0945	NED	mouse
5725	22059	P02340	0.1952	NA	mouse
5737	11797	Q62210	0.144975	NA	mouse
5737	11796	O08863	0.1517875	NA	mouse
5737	21939	P27512	0.1330875	NA	mouse
5737	16151	O88522	0.1344875	NA	mouse
5737	26398	P47809	0.119325	ED	mouse
5737	26400	Q8CE90	0.107575	NA	mouse
5737	26401	P53349	0.0718125	NA	mouse
5737	22030	P39429	0.12135	NA	mouse
5737	93765	P61089	0.0828	UN	mouse
5742	11797	Q62210	0.150633333333	NA	mouse
5742	11796	O08863	0.178416666667	NA	mouse
5742	21939	P27512	0.164816666667	NA	mouse
5742	16151	O88522	0.113466666667	NA	mouse
5742	26401	P53349	0.0866166666667	NA	mouse
5742	22030	P39429	0.136666666667	NA	mouse
5742	93765	P61089	0.0541833333333	UN	mouse
5743	21939	P27512	0.115575	NA	mouse
5743	16151	O88522	0.114925	NA	mouse
5743	26401	P53349	0.047575	NA	mouse
5743	22030	P39429	0.1196	NA	mouse
5743	93765	P61089	0.081775	UN	mouse
5744	16151	O88522	0.115366666667	NA	mouse
5744	26401	P53349	0.0377333333333	NA	mouse
5744	22030	P39429	0.0860666666667	NA	mouse
5744	93765	P61089	0.0919	UN	mouse
578	20587	Q9Z0H3	0.214966666667	NED	mouse
578	68094	Q6PDG5	0.174066666667	NA	mouse
578	83797	Q61466	0.2061	NA	mouse
578	57376	O54941	0.219066666667	UN	mouse
579	13857	P14753	0.08775	NA	mouse
579	18803	Q62077	0.18035	NA	mouse
579	22064	Q9R244	0.1671	NA	mouse
5791	18844	P70206	0.1149	UN	mouse
5791	235611	Q8CJH3	0.1149	NA	mouse
580	13857	P14753	0.1034	NA	mouse
580	16439	Q9Z329	0.20055	NA	mouse
580	22064	Q9R244	0.17165	NA	mouse
5806	26554	Q9JLV5	0.11525	UN	mouse
5806	50868	Q9Z2X8	0.0893	UN	mouse
5806	18024	Q60795	0.07855	NA	mouse
581	13857	P14753	0.1026	NA	mouse
581	16439	Q9Z329	0.2345	NA	mouse
581	18803	Q62077	0.221033333333	NA	mouse
581	22064	Q9R244	0.201	NA	mouse
5813	12018	O08734	0.2667	UN	mouse
5813	12122	P70444	0.2667	ED	mouse
5814	12018	O08734	0.2866	UN	mouse
5814	22059	P02340	0.2866	NA	mouse
582	107932	Q6PDQ2	0.209463636364	NA	mouse
582	433759	O09106	0.141045454545	UN	mouse
582	15182	P70288	0.181763636364	UN	mouse
582	22778	Q03267	0.101790909091	NA	mouse
582	22779	P81183	0.0979181818182	NA	mouse
582	22780	O08900	0.115181818182	NA	mouse
582	19646	Q60972	0.207218181818	UN	mouse
582	20586	Q3TKT4	0.224472727273	NED	mouse
582	20588	P97496	0.210790909091	NA	mouse
582	83797	Q61466	0.133	NA	mouse
582	83796	Q99JR8	0.149645454545	NA	mouse
582	66993	Q6P9Z1	0.0129636363636	NED	mouse
5821	12015	Q61337	0.1513	NA	mouse
5821	12048	Q64373	0.1513	NA	mouse
583	107932	Q6PDQ2	0.09344	NA	mouse
583	433759	O09106	0.12446	UN	mouse
583	15182	P70288	0.13128	UN	mouse
583	22778	Q03267	0.14086	NA	mouse
583	22779	P81183	0.1071	NA	mouse
583	22780	O08900	0.16914	NA	mouse
5871	226548	Q8BVF7	0.208033333333	NA	mouse
5871	59287	P57716	0.2222	NA	mouse
5871	19164	P49769	0.2191	NA	mouse
5871	66340	Q9CQR7	0.141333333333	NA	mouse
5879	16706	Q61097	0.0702666666667	NA	mouse
5879	19052	P63330	0.142	ED	mouse
5879	51792	Q76MZ3	0.2004	UN	mouse
5879	72930	Q6ZWR4	0.044	NA	mouse
5880	16706	Q61097	0.10535	NA	mouse
5880	19052	P63330	0.20475	ED	mouse
5880	51792	Q76MZ3	0.2429	UN	mouse
5882	19052	P63330	0.209633333333	ED	mouse
5882	51792	Q76MZ3	0.278166666667	UN	mouse
5882	72930	Q6ZWR4	0.0377666666667	NA	mouse
5882	110157	Q99N57	0.209433333333	NA	mouse
5883	19052	P63330	0.3062	ED	mouse
5883	51792	Q76MZ3	0.35955	UN	mouse
5883	110157	Q99N57	0.32345	NA	mouse
5886	16706	Q61097	0.1065875	NA	mouse
5886	26395	P31938	0.1431	ED	mouse
5886	22627	P62259	0.248	UN	mouse
5909	16706	Q61097	0.103411111111	NA	mouse
5909	26413	P63085	0.223833333333	UN	mouse
5909	26395	P31938	0.1597	ED	mouse
5909	22627	P62259	0.257	UN	mouse
5910	12995	Q60737	0.180333333333	UN	mouse
5910	13000	O54833	0.170466666667	UN	mouse
5910	13001	P67871	0.1416	UN	mouse
5910	16706	Q61097	0.1096	NA	mouse
5936	12995	Q60737	0.20063	UN	mouse
5936	13000	O54833	0.13962	UN	mouse
5936	13001	P67871	0.23398	UN	mouse
5936	16706	Q61097	0.11433	NA	mouse
5936	26395	P31938	0.1515	ED	mouse
5936	22627	P62259	0.27602	UN	mouse
5937	16706	Q61097	0.1115625	NA	mouse
5937	26413	P63085	0.247575	UN	mouse
5937	26395	P31938	0.1804875	ED	mouse
5937	22627	P62259	0.2841375	UN	mouse
5946	109880	P28028	0.0672666666667	NA	mouse
5946	16706	Q61097	0.154033333333	NA	mouse
5946	26395	P31938	0.0806333333333	ED	mouse
5947	109880	P28028	0.10058	NA	mouse
5947	16706	Q61097	0.13162	NA	mouse
5947	26395	P31938	0.123	ED	mouse
5947	26413	P63085	0.1786	UN	mouse
647	13433	P13864	0.26305	UN	mouse
647	98053	Q3THK3	0.27675	NED	mouse
647	14885	O70422	0.3082	NA	mouse
647	3047	Q96FH6	NA	NA	mouse
674	226548	Q8BVF7	0.201625	NA	mouse
674	59287	P57716	0.2223	NA	mouse
674	19164	P49769	0.2438	NA	mouse
674	66340	Q9CQR7	0.156025	NA	mouse
674	68581	Q9D1D4	0.23075	NED	mouse
675	22360	P97799	-0.0247	NA	mouse
675	68581	Q9D1D4	-0.0247	NED	mouse
676	11461	P60710	NA	UN	mouse
676	12709	Q04447	0.1324	NA	mouse
676	12934	O08553	0.1182	UN	mouse
676	15516	P11499	0.09735	UN	mouse
676	193740	Q61696	0.040425	UN	mouse
676	17751	P28184	0.071675	NA	mouse
677	12709	Q04447	0.14475	NA	mouse
677	15516	P11499	0.0553	UN	mouse
677	17751	P28184	0.10265	NA	mouse
679	433759	O09106	0.129775	UN	mouse
679	15982	P19182	0.120925	NED	mouse
679	20185	Q60974	0.1041	NA	mouse
679	60406	O88574	0.12845	NA	mouse
679	20467	Q62141	0.14685	NA	mouse
686	67526	Q9CQY1	0.1737	NA	mouse
686	77040	Q8C0J2	0.1378	NA	mouse
686	11793	Q99J83	0.1685	ED	mouse
688	12488	Q9JLQ0	0.0667	ED	mouse
688	14360	P39688	0.0667	NA	mouse
690	12488	Q9JLQ0	0.08	ED	mouse
690	104027	Q8CC35	0.08	NA	mouse
694	12015	Q3U9H3	0.101075	NA	mouse
694	103988	P52792	-0.024475	NA	mouse
694	19047	Q3U7K1	0.081525	NA	mouse
694	18747	P05132	0.1367	NA	mouse
694	83767	Q8R5H6	0.043975	NA	mouse
716	26365	P31809	0.0893	NA	mouse
716	319177	P70696	NA	NA	mouse
716	17257	Q9Z2D6	0.103333333333	NA	mouse
716	17975	P09405	0.0327	UN	mouse
716	20375	P17433	0.0850666666667	NA	mouse
717	433759	O09106	0.0771333333333	UN	mouse
717	17257	Q9Z2D6	0.0897666666667	NA	mouse
717	20466	Q60520	0.104333333333	UN	mouse
717	20375	P17433	0.0537	NA	mouse
718	12306	P07356	0.4334	UN	mouse
718	20194	P08207	0.4334	UN	mouse
718	194352	P69744	NA	NA	mouse
719	12306	P07356	0.4334	UN	mouse
719	20194	P08207	0.4334	UN	mouse
735	58244	Q9JKK1	0.1848	NA	mouse
735	53331	O70439	0.17645	NA	mouse
735	53612	O88384	0.16015	NA	mouse
751	13405	P11531	0.1405	NA	mouse
751	20648	Q61234	0.1064	NA	mouse
751	22063	Q61056	0.0839	NA	mouse
77	18125	Q9Z0J4	0.19455	NA	mouse
77	70729	Q9D3A8	0.19105	NA	mouse
77	19416	O35626	0.0877	NA	mouse
859	20909	P70452	0.171083333333	NA	mouse
859	58244	Q9JKK1	0.198733333333	NA	mouse
859	53331	O70439	0.1742	NA	mouse
859	22319	P63024	0.2184	NA	mouse
859	20955	P70280	0.159983333333	UN	mouse
859	22320	O70404	0.164116666667	NED	mouse
859	53612	O88384	0.165016666667	NA	mouse
861	18053	Q9Z0W1	0.1866	NA	mouse
861	93742	Q99NH2	0.1866	NA	mouse
9	11622	P30561	0.1943	NA	mouse
9	11863	P53762	0.1943	NA	mouse
935	11789	Q61315	0.2547	NA	mouse
935	12387	Q02248	0.2631	NED	mouse
935	105782	Q80U72	0.0217	ED	mouse
948	234678	Q6PER2	0.0422	NA	mouse
948	16559	Q99PW8	0.0422	NA	mouse
951	14265	P35922	0.0286	NA	mouse
951	16897	Q80Y17	0.0286	ED	mouse
952	11764	O35643	0.16395	NA	mouse
952	11767	P35585	0.1588	NA	mouse
952	16553	Q8CA55	0.078875	NA	mouse
952	11765	P22892	0.140175	ED	mouse
965	16897	Q80Y17	0.1116	ED	mouse
965	56513	Q9Z101	0.0274	NA	mouse
965	18759	Q62074	0.0607	UN	mouse
966	171531	Q91V27	0.0491	NA	mouse
966	17918	Q99104	-0.00025	NA	mouse
966	11891	Q9ERI2	0.10305	NA	mouse
967	17828	Q8R015	0.1716	NA	mouse
967	18457	Q9R0C0	0.1716	NA	mouse
968	170788	Q8VHS2	0.141366666667	NA	mouse
968	17475	Q8VBX6	0.159466666667	NA	mouse
968	227157	Q6P7F1	0.1287	NA	mouse
968	56217	Q9JLB2	0.0801333333333	ED	mouse
97	17222	P53995	0.286428571429	NED	mouse
97	68999	Q8K2H6	0.173214285714	NA	mouse
97	99152	Q8BZQ7	0.217157142857	UN	mouse
97	52206	Q91W96	0.276514285714	NA	mouse
97	59008	Q8BTZ4	0.3255	NA	mouse
97	56317	Q9WVM3	0.2216	NA	mouse
97	381580	Q3V036	NA	NA	mouse
97	69957	Q8R349	0.278828571429	NED	mouse
97	52563	Q8BGZ4	0.2861	NA	mouse
970	74998	Q3U366	0.07725	NA	mouse
970	11772	P17427	0.16615	UN	mouse
973	12826	P02463	0.349	NA	mouse
973	53421	P61620	0.16835	UN	mouse
973	12406	P19324	0.36895	UN	mouse
975	12540	P60766	0.1437	ED	mouse
975	320634	Q6NVF0	0.1437	NA	mouse
990	347722	Q8BXK8	0.17045	NA	mouse
990	11774	Q9Z1T1	0.186575	NED	mouse
990	55946	Q9JKC8	0.1373	NA	mouse
990	64933	Q8R2R9	0.1853	NA	mouse
990	11778	Q8BSZ2	0.138075	NA	mouse
991	66648	Q66JT5	0.1847	NA	mouse
991	110012	Q99MS8	0.18	NA	mouse
991	102747	Q91YK0	0.176375	NA	mouse
991	66257	Q9CQM0	0.1855	NA	mouse
991	319953	Q91V51	0.215775	NA	mouse
