1a9n	2	2	M	P57784	0.5047717	U	Q62189	0.9259812	N	1799.8	0.3763
1bkd	2	8	C	Q9D091	0.01734254	E	Q62245	0.01723944	E	3188.3	0.1871
1bkd	2	8	C	Q62245	0.01723944	E	Q62245	0.01723944	E	245.1	1.0
1bkd	2	8	C	Q9D091	0.01734254	E	Q9D091	0.01734254	E	27.5	1.0
1br4	2	2	M	Q8VDD5	0.9468465	N	Q8CI43	1.41e-05	E	3887.9	0.2621
1dow	2	2	M	P26231	0.8216004	U	Q02248	0.9995434	N	2608.2	0.3899
1e0a	2	2	M	P60766	0.09315526	E	G5E884	0.7837948	U	2634.9	0.2413
1ef1	2	4	C2	P26041	0.6963146	U	P26043	0.3234719	U	4920.7	0.2311
1ef1	2	4	C2	P26041	0.6963146	U	P26041	0.6963146	U	383.5	1.0
1ef1	2	4	C2	P26043	0.3234719	U	P26043	0.3234719	U	713.6	1.0
1f3m	2	4	A	G5E884	0.7837948	U	Q8CIN4	0.5333689	U	2688.5	0.1776
1f3m	2	4	A	G5E884	0.7837948	U	G5E884	0.7837948	U	2031.9	1.0
1f3m	2	4	A	Q8CIN4	0.5333689	U	Q8CIN4	0.5333689	U	0.1	1.0
1f3u	2	2	M	Q8R0A0	0.9829802	N	Q3THK3	0.9346414	N	4592.6	0.3797
1fbv	2	2	M	P22682	5.08e-06	E	P68037	0.120376	U	1763.8	0.1984
1fos	2	2	M	P01101	1.92e-06	E	P05627	0.5758856	U	2377.2	0.4961
1fs2	2	4	C2	A0A087WQ11	0.0769602	E	A0A087WQ11	0.0769602	E	715.0	1.0
1fs2	2	4	C2	Q9WTX5	0.5044863	U	Q9WTX5	0.5044863	U	89.3	1.0
1fs2	2	4	C2	A0A087WQ11	0.0769602	E	Q9WTX5	0.5044863	U	2308.0	0.1265
1fxw	2	2	M	Q61205	0.0857917	E	Q61206	0.9398851	N	2292.4	0.169
1go4	2	8	A	Q9Z1B5	0.07654323	E	Q9Z1B5	0.07654323	E	715.0	1.0
1go4	2	8	A	Q9Z1B5	0.07654323	E	Q9WTX8	0.05435231	E	3013.4	0.18
1go4	2	8	A	Q9WTX8	0.05435231	E	Q9WTX8	0.05435231	E	3006.1	1.0
1h27	2	2	M	NA	NA	NA	P51943	0.05680526	E	3370.3
1h28	2	2	M	NA	NA	NA	P51943	0.05680526	E	3458.7
1i2m	2	2	M	P62827	0.3160383	U	Q8VE37	0.3391598	U	2800.7	0.3727
1ibr	2	2	M	P62827	0.3160383	U	P70168	0.7096403	U	3333.9	0.484
1j2j	2	2	M	P84078	0.4778762	U	Q8R0H9	0.1143596	U	1205.8	0.0918
1jn5	2	2	M	NA	NA	NA	Q99JX7	0.491864	U	3920.5
1kps	2	2	M	P63280	0.09031576	E	P46061	0.139116	U	1190.8	0.2689
1mfq	2	2	M	Q9D104	0.2278827	U	P14576	0.9918973	N	262.8	0.0866
1ni4	2	4	C2	P35486	0.988134	N	P35486	0.988134	N	1388.8	1.0
1ni4	2	4	C2	Q9D051	0.9589304	N	Q9D051	0.9589304	N	4825.5	1.0
1ni4	2	4	C2	P35486	0.988134	N	Q9D051	0.9589304	N	3681.1	0.3709
1ow3	2	2	M	Q5FWK3	0.4351013	U	Q9QUI0	0.3306354	U	2348.2	0.256
1p22	2	2	M	NA	NA	NA	Q9WTX5	0.5044863	U	3181.7
1q5w	2	2	M	P60670	0.2936233	U	P62983	0.9926568	N	793.0	0.0609
1qcr	10	10	M	NA	NA	NA	Q9CR68	0.9685437	N	127.5
1qcr	10	10	M	Q9CR68	0.9685437	N	Q8R1I1	0.4265128	U	148.6	0.3883
1qcr	10	10	M	Q9CZ13	0.983059	N	Q9CPX8	0.900398	N	14.3	0.4895
1qcr	10	10	M	Q9CZ13	0.983059	N	Q9CQ69	0.9998613	N	308.7	0.4994
1qcr	10	10	M	Q9CR68	0.9685437	N	Q9CQ69	0.9998613	N	93.8	0.4629
1qcr	10	10	M	Q9CZ13	0.983059	N	NA	NA	NA	0.0
1qcr	10	10	M	Q9D0M3	0.9670172	N	Q8R1I1	0.4265128	U	8.6	0.3717
1qcr	10	10	M	Q9CZ13	0.983059	N	Q9CR68	0.9685437	N	189.7	0.5272
1qcr	10	10	M	Q9CZ13	0.983059	N	Q9DB77	0.9958289	N	410.2	0.4336
1qcr	10	10	M	Q9CZ13	0.983059	N	NA	NA	NA	8.5
1qcr	10	10	M	Q9D0M3	0.9670172	N	Q9CR68	0.9685437	N	7.3	0.5366
1qcr	10	10	M	Q9CZ13	0.983059	N	Q8R1I1	0.4265128	U	8.6	0.4159
1qcr	10	10	M	Q8R1I1	0.4265128	U	Q9CPX8	0.900398	N	49.9	0.6416
1qcr	10	10	M	Q9D0M3	0.9670172	N	Q9CQ69	0.9998613	N	272.3	0.4444
1qcr	10	10	M	Q9D0M3	0.9670172	N	NA	NA	NA	1.3
1qcr	10	10	M	NA	NA	NA	NA	NA	NA	216.3
1qcr	10	10	M	Q9D0M3	0.9670172	N	P99028	0.08907581	E	0.0	0.2722
1qcr	10	10	M	P99028	0.08907581	E	Q8R1I1	0.4265128	U	26.6	0.4915
1qcr	10	10	M	NA	NA	NA	Q9D0M3	0.9670172	N	74.2
1qcr	10	10	M	Q9CR68	0.9685437	N	Q9CPX8	0.900398	N	0.0	0.4477
1qcr	10	10	M	NA	NA	NA	Q9CQ69	0.9998613	N	0.0
1qcr	10	10	M	NA	NA	NA	Q8R1I1	0.4265128	U	0.0
1qcr	10	10	M	Q9CZ13	0.983059	N	Q9D0M3	0.9670172	N	0.0	0.5054
1qcr	10	10	M	Q9CQ69	0.9998613	N	P99028	0.08907581	E	0.0	0.447
1qcr	10	10	M	Q9CQ69	0.9998613	N	Q8R1I1	0.4265128	U	0.0	0.5827
1qcr	10	10	M	NA	NA	NA	Q9CQ69	0.9998613	N	137.7
1qew	2	2	M	P01899	0.9996666	N	NA	NA	NA	2605.8
1qgk	2	2	M	P70168	0.7096403	U	P52293	0.998789	N	3674.6
1rrp	2	2	M	P62827	0.3160383	U	Q9ERU9	0.7344469	U	4669.9	0.2463
1ry1	5	5	M	P49962	0.8707642	U	P16254	0.9946577	N	2916.5	0.3244
1ry1	5	5	M	Q9D104	0.2278827	U	P14576	0.9918973	N	225.5	0.0866
1ry1	5	5	M	NA	NA	NA	P14576	0.9918973	N	1574.7
1s1q	2	2	M	Q61187	0.7848919	U	P62983	0.9926568	N	1300.2	0.1595
1s3s	2	9	A	Q01853	0.8849729	U	Q01853	0.8849729	U	3118.4	1.0
1s3s	2	9	A	Q01853	0.8849729	U	Q9CZ44	0.184521	U	1759.7	0.3881
1s70	2	2	M	P62141	0.4238505	U	Q9DBR7	0.4510949	U	4984.9	0.2967
1sgh	2	2	M	P26041	0.6963146	U	P70441	0.05373923	E	981.1	0.1224
1t2k	3	4	A	P70671	0.005910676	E	P05627	0.5758856	U	64.9	0.0533
1t2k	3	4	A	P70671	0.005910676	E	Q3TZR9	0.8494194	U	334.5	0.1045
1t2k	3	4	A	P70671	0.005910676	E	P70671	0.005910676	E	0.1	1.0
1t2k	3	4	A	P05627	0.5758856	U	Q3TZR9	0.8494194	U	1919.8	0.0586
1t61	2	6	C2	P02463	0.02253148	E	P08122	4.95e-06	E	4342.3	0.836
1t61	2	6	C2	P02463	0.02253148	E	P02463	0.02253148	E	4227.7	1.0
1t61	2	6	C2	P08122	4.95e-06	E	P08122	4.95e-06	E	971.3	1.0
1t9g	3	6	A	P45952	0.700104	U	Q9DCW4	0.9905775	N	1377.8	0.3673
1t9g	3	6	A	Q99LC5	0.4891803	U	Q9DCW4	0.9905775	N	3906.5	0.4483
1t9g	3	6	A	P45952	0.700104	U	P45952	0.700104	U	4727.0	1.0
1t9g	3	6	A	P45952	0.700104	U	Q99LC5	0.4891803	U	0.0	0.4266
1tt5	2	2	M	NA	NA	NA	Q8C878	0.9990532	N	7138.0
1u7f	2	3	-	Q8BUN5	0.00423644	E	Q8BUN5	0.00423644	E	2414.7	1.0
1u7f	2	3	-	Q8BUN5	0.00423644	E	P97471	0.1691864	U	2468.5	0.207
1uad	2	2	M	Q9JIW9	0.1336248	U	Q9D4H1	0.7604654	U	1043.5	0.071
1uel	2	2	M	P54728	0.09901974	E	O35226	0.01889827	E	1437.5	0.2225
1ul1	2	6	A	P17918	0.999971	N	Q91Z50	0.9998296	N	3511.4	0.6117
1ul1	2	6	A	P17918	0.999971	N	P17918	0.999971	N	1443.4	1.0
1ul1	2	6	A	Q91Z50	0.9998296	N	Q91Z50	0.9998296	N	0.0	1.0
1uw4	2	2	M	Q3ULL6	0.01070585	E	A2AT37	0.5160594	U	2135.5	0.3183
1vyh	2	4	C2	Q61206	0.9398851	N	P63005	0.1047037	U	1165.8	0.262
1vyh	2	4	C2	Q61206	0.9398851	N	Q61206	0.9398851	N	2252.3	1.0
1w63	4	4	M	Q9DBG3	0.9999999	N	P61967	0.09146523	E	1200.6	0.1733
1w63	4	4	M	Q9DBG3	0.9999999	N	P35585	0.02035983	E	6136.5	0.2205
1w63	4	4	M	P22892	0.1818659	U	P35585	0.02035983	E	1101.9	0.1538
1w63	4	4	M	P35585	0.02035983	E	P61967	0.09146523	E	816.0	0.1648
1w63	4	4	M	P22892	0.1818659	U	Q9DBG3	0.9999999	N	2949.6	0.3147
1w63	4	4	M	P22892	0.1818659	U	P61967	0.09146523	E	6152.7	0.1612
1wrd	2	2	M	O88746	6.01e-06	E	P62983	0.9926568	N	1129.7	0.0618
1xb2	2	2	M	Q8BFR5	0.4135468	U	Q9CZR8	0.797035	U	3235.7	0.3443
1xqs	2	2	M	Q99P31	0.9990109	N	Q61696	0.1129992	U	2395.9	-0.0224
1xr9	2	2	M	P01899	0.9996666	N	NA	NA	NA	2560.5
1y8r	3	3	M	Q9R1T2	0.9919579	N	P63166	0.1458069	U	16.5	0.2412
1y8r	3	3	M	Q9R1T2	0.9919579	N	Q9Z1F9	0.5042732	U	4835.6	0.4211
1y8r	3	3	M	Q9Z1F9	0.5042732	U	P63166	0.1458069	U	2196.8	0.3506
1zoq	2	2	M	P70671	0.005910676	E	B2RWS6	0.4043153	U	1750.8	0.0225
2b2w	2	3	A	P40201	0.2222945	U	NA	NA	NA	626.8
2b2w	2	3	A	P40201	0.2222945	U	P40201	0.2222945	U	2514.3	1.0
2bf8	2	2	M	P61087	0.9166687	N	P63166	0.1458069	U	485.8	0.3401
2brq	2	4	C2	B7FAU9	0.4455253	U	B7FAU9	0.4455253	U	256.1	1.0
2bsk	2	6	C	Q9WV98	0.03439087	E	Q9WV98	0.03439087	E	34.5	1.0
2bsk	2	6	C	P62073	3.18e-06	E	P62073	3.18e-06	E	80.7	1.0
2bsk	2	6	C	Q9WV98	0.03439087	E	P62073	3.18e-06	E	2624.3	0.4494
2c1m	2	2	M	P52293	0.998789	N	Q9JIH2	0.3243638	U	4472.2
2c35	2	2	M	Q9D7M8	0.002899287	E	P62488	0.9832116	N	3389.6	0.268
2cly	3	3	M	Q9CQQ7	0.9156653	N	P97450	0.997681	N	2933.8	0.4826
2cly	3	3	M	Q9CQQ7	0.9156653	N	G3X9L6	0.9255733	N	5531.7
2cly	3	3	M	G3X9L6	0.9255733	N	P97450	0.997681	N	993.0
2dt7	2	2	M	Q9D554	0.9527811	N	Q8K4Z5	0.8444119	U	1283.3	0.3493
2dwz	2	2	M	Q9Z2X2	2.13e-06	E	P54775	0.9975995	N	2414.8	0.2649
2dx5	2	2	M	Q91XD6	1.47e-05	E	P62983	0.9926568	N	977.5	0.184
2f5z	2	3	A	O08749	0.9788222	N	Q8BKZ9	0.5988228	U	933.3	0.4009
2f5z	2	3	A	O08749	0.9788222	N	O08749	0.9788222	N	7704.7	1.0
2fcw	2	2	M	P55302	0.4677772	U	P35951	0.08142059	E	1404.6	0.0973
2ff3	2	2	M	NA	NA	NA	P62737	0.4594713	U	2240.2
2fh5	2	2	M	Q9DBG7	0.987367	N	P47758	0.9017435	N	1261.7	0.3618
2fid	2	3	A	P62983	0.9926568	N	P62983	0.9926568	N	-0.1	1.0
2fid	2	3	A	P62983	0.9926568	N	Q9JM13	0.5682443	U	1413.5	0.0935
2g45	2	2	M	Q3U4W8	0.3012533	U	P62983	0.9926568	N	1022.5	0.1121
2gk1	2	2	M	P29416	0.778455	U	P20060	0.0571743	E	3105.5	0.3942
2jtt	2	4	C2	P14069	0.07131114	E	Q9CXW3	0.5596694	U	1821.7	-0.033
2jtt	2	4	C2	P14069	0.07131114	E	P14069	0.07131114	E	3059.3	1.0
2jtt	2	4	C2	Q9CXW3	0.5596694	U	Q9CXW3	0.5596694	U	0.0	1.0
2k1r	2	2	M	Q64430	0.317753	U	O08997	0.8540317	U	1071.5	0.1462
2k5b	2	2	M	P07901	0.5017485	U	Q61081	0.07601824	E	1439.3	0.2001
2k8c	2	2	M	P62983	0.9926568	N	P27612	0.2311212	U	1324.5	0.1463
2ka6	2	2	M	B2RWS6	0.4043153	U	Q8C3V4	0.01271043	E	3072.4	0.1466
2kdf	2	3	A	P62983	0.9926568	N	P62983	0.9926568	N	182.3	1.0
2kdf	2	3	A	O35226	0.01889827	E	P62983	0.9926568	N	982.3	0.1238
2kso	2	2	M	Q03145	0.9564654	N	Q6P549	0.01328464	E	995.0	0.0698
2l0t	2	2	M	P62983	0.9926568	N	O88811	0.9174347	N	963.1	0.0653
2l2l	2	2	M	Q8CHY6	0.9340657	N	Q9Z2D8	0.9815453	N	1275.8	0.2785
2lxt	2	2	M	B2RWS6	0.4043153	U	Q62347	0.2234339	U	1186.4
2mcn	2	2	M	Q9JLQ0	0.02979108	E	P62983	0.9926568	N	1610.1	0.1408
2mqs	2	4	A	P53690	0.000911513	E	P11087	0.8986815	U	725.1	0.4225
2mqs	2	4	A	P11087	0.8986815	U	P11087	0.8986815	U	2103.5	1.0
2mre	2	2	M	P62983	0.9926568	N	Q9QXK2	0.3545683	U	1075.2	0.0962
2nz8	2	2	M	Q3TLP8	0.5221864	U	Q0KL02	0.2949003	U	2617.7	0.1987
2o25	2	2	M	P61087	0.9166687	N	P63280	0.09031576	E	849.5	0.2526
2o8f	2	2	M	P43247	0.9228018	N	P54276	0.9999369	N	6783.0	0.5176
2o8g	2	2	M	P62137	0.5027892	U	D3Z3A0	0.09196933	E	4427.7	0.2424
2odg	2	3	A	O54962	0.4396448	U	O08579	0.6312069	U	624.8	0.2383
2odg	2	3	A	O54962	0.4396448	U	O54962	0.4396448	U	1405.3	1.0
2ot3	2	2	M	Q9JM13	0.5682443	U	P35282	0.2552901	U	2289.9	0.1499
2oxq	2	4	C2	P61079	0.3327464	U	Q9WUD1	0.9857178	N	1293.0	0.2053
2oxq	2	4	C2	Q9WUD1	0.9857178	N	Q9WUD1	0.9857178	N	1296.4	1.0
2pbd	3	3	M	P62737	0.4594713	U	P62962	0.3468106	U	2217.3	0.0821
2pjh	2	2	M	P60670	0.2936233	U	Q01853	0.8849729	U	2103.7	0.2707
2px9	2	2	M	Q9Z1F9	0.5042732	U	P63280	0.09031576	E	1425.6	0.3126
2q8i	2	4	C2	Q922H2	0.4454814	U	Q922H2	0.4454814	U	5231.7	1.0
2q8i	2	4	C2	Q8BMF4	0.4193237	U	Q8BMF4	0.4193237	U	0.0	1.0
2q8i	2	4	C2	Q922H2	0.4454814	U	Q8BMF4	0.4193237	U	932.5	0.0491
2roz	2	2	M	Q60709	0.0	E	Q3TIZ5	0.005070041	E	1708.2	0.191
2rr3	2	2	M	Q9WV55	0.395414	U	Q3B7Z2	0.10161	U	1482.7	0.1239
2v1d	2	2	M	Q6ZQ88	0.9922416	N	NA	NA	NA	5261.8
2vgl	4	4	M	P17427	0.9685622	N	P62743	8.3e-05	E	4620.5	0.3072
2vgl	4	4	M	Q9DBG3	0.9999999	N	Q3TWV4	0.8684387	U	6538.6	0.2326
2vgl	4	4	M	P17427	0.9685622	N	Q3TWV4	0.8684387	U	2247.5	0.2968
2vgl	4	4	M	Q3TWV4	0.8684387	U	P62743	8.3e-05	E	1123.5	0.3817
2vgl	4	4	M	P17427	0.9685622	N	Q9DBG3	0.9999999	N	3534.2	0.3194
2vgl	4	4	M	Q9DBG3	0.9999999	N	P62743	8.3e-05	E	1243.1	0.2607
2vrr	2	2	M	P63280	0.09031576	E	P63166	0.1458069	U	698.2	0.2299
2w6h	5	9	A	Q03265	0.7869257	U	Q03265	0.7869257	U	0.0	1.0
2w6h	5	9	A	P56480	1.0	N	Q8C2Q8	0.9350241	N	1427.0	0.4804
2w6h	5	9	A	Q03265	0.7869257	U	Q8C2Q8	0.9350241	N	1333.2	0.4643
2w6h	5	9	A	P56480	1.0	N	P56480	1.0	N	218.0	1.0
2w6h	5	9	A	Q03265	0.7869257	U	P56480	1.0	N	5761.7	0.7177
2w6h	5	9	A	P56480	1.0	N	NA	NA	NA	0.0
2w6h	5	9	A	Q8C2Q8	0.9350241	N	Q9D3D9	0.9956645	N	1960.4	0.3922
2w6h	5	9	A	Q9D3D9	0.9956645	N	NA	NA	NA	2269.5
2w6h	5	9	A	Q8C2Q8	0.9350241	N	NA	NA	NA	1867.3
2w6h	5	9	A	Q03265	0.7869257	U	NA	NA	NA	0.0
2w9f	2	2	M	P25322	0.09871015	E	P30285	0.9999676	N	2027.4	0.2185
2wax	2	2	M	P54823	0.2424152	U	Q8K2D3	0.04085266	E	2050.3	0.1055
2wd5	2	2	M	Q9CU62	0.7196649	U	Q9CW03	0.8535659	U	3100.2	0.4326
2wel	2	2	M	Q6PHZ2	0.03960012	E	P62204	0.6559055	U	3021.2	0.1581
2wss	9	13	A	Q03265	0.7869257	U	Q03265	0.7869257	U	0.0	1.0
2wss	9	13	A	P56480	1.0	N	Q8C2Q8	0.9350241	N	1133.8	0.4804
2wss	9	13	A	Q03265	0.7869257	U	Q8C2Q8	0.9350241	N	1171.2	0.4643
2wss	9	13	A	Q03265	0.7869257	U	Q9CQQ7	0.9156653	N	12.3	0.5719
2wss	9	13	A	P56480	1.0	N	NA	NA	NA	0.0
2wss	9	13	A	P56480	1.0	N	P97450	0.997681	N	667.1	0.3683
2wss	9	13	A	Q9D3D9	0.9956645	N	NA	NA	NA	2414.3
2wss	9	13	A	Q03265	0.7869257	U	NA	NA	NA	0.0
2wss	9	13	A	Q03265	0.7869257	U	Q9DB20	0.9719645	N	1711.0	0.5857
2wss	9	13	A	P56480	1.0	N	Q9DB20	0.9719645	N	446.2	0.5679
2wss	9	13	A	Q03265	0.7869257	U	P56480	1.0	N	5444.7	0.7177
2wss	9	13	A	Q03265	0.7869257	U	P97450	0.997681	N	0.0	0.3691
2wss	9	13	A	Q8C2Q8	0.9350241	N	Q9DB20	0.9719645	N	0.0	0.5268
2wss	9	13	A	P56480	1.0	N	Q9CQQ7	0.9156653	N	0.0	0.5712
2wss	9	13	A	Q9DB20	0.9719645	N	Q9CQQ7	0.9156653	N	1218.2	0.5646
2wss	9	13	A	P56480	1.0	N	P56480	1.0	N	143.7	1.0
2wss	9	13	A	Q8C2Q8	0.9350241	N	Q9D3D9	0.9956645	N	2005.6	0.3922
2wss	9	13	A	Q9CQQ7	0.9156653	N	P97450	0.997681	N	3138.9	0.4826
2wss	9	13	A	Q8C2Q8	0.9350241	N	NA	NA	NA	1853.1
2wss	9	13	A	Q9DB20	0.9719645	N	P97450	0.997681	N	526.9	0.532
2xb2	5	5	M	Q91VC3	0.9991278	N	Q8K3W3	0.1699122	U	4229.4	0.2776
2xb2	5	5	M	Q91VC3	0.9991278	N	P61327	0.9918861	N	3170.6	0.459
2xb2	5	5	M	P61327	0.9918861	N	Q8K3W3	0.1699122	U	584.4	0.1783
2xb2	5	5	M	P61327	0.9918861	N	NA	NA	NA	2427.9
2xb2	5	5	M	Q91VC3	0.9991278	N	NA	NA	NA	290.7
2xql	2	10	C	Q8CGP6	0.913338	N	Q8CGP6	0.913338	N	893.8
2xql	2	10	C	Q6ZWY9	0.264898	U	Q6ZWY9	0.264898	U	53.0
2xql	2	10	C	Q8CGP6	0.913338	N	Q6ZWY9	0.264898	U	5045.9
2xrp	3	9	A	Q9CWF2	0.3979377	U	P68369	0.8670816	U	3285.0	0.4188
2xrp	3	9	A	Q9CWF2	0.3979377	U	Q9CWF2	0.3979377	U	494.9	1.0
2xrp	3	9	A	P68369	0.8670816	U	P68369	0.8670816	U	420.2	1.0
2xrp	3	9	A	P68369	0.8670816	U	Q9JLM8	0.06441611	E	442.5	0.2841
2xrp	3	9	A	Q9CWF2	0.3979377	U	Q9JLM8	0.06441611	E	798.0	0.2254
2xwu	2	2	M	P63280	0.09031576	E	Q8K0C1	0.06993309	E	2633.9	0.1427
2y3a	2	2	M	Q8BTI9	1.66e-05	E	P26450	0.7425635	U	5826.3	0.0693
2z59	2	2	M	Q9JKV1	0.1566988	U	P62983	0.9926568	N	1162.5	0.2068
3aaa	2	2	M	Q5RKN9	0.06728721	E	NA	NA	NA	7240.5
3cqg	2	2	M	Q8BH74	0.9997333	N	Q8R0G9	0.5576096	U	2338.5	0.4517
3cqx	2	4	C2	P63017	0.999908	N	Q91YN9	0.2945707	U	1899.3	0.1563
3cqx	2	4	C2	Q91YN9	0.2945707	U	Q91YN9	0.2945707	U	2948.2	1.0
3d7u	2	2	M	P41241	0.004248993	E	Q80XU2	0.2058661	U	1322.9	0.0836
3dw8	3	3	M	Q76MZ3	0.9999657	N	P63330	0.09582701	E	1899.3	0.3423
3dw8	3	3	M	Q76MZ3	0.9999657	N	Q6P1F6	0.6582302	U	3719.6	0.2557
3dw8	3	3	M	Q6P1F6	0.6582302	U	P63330	0.09582701	E	184.6	0.259
3eg5	2	4	C2	P60766	0.09315526	E	P60766	0.09315526	E	0.0	1.0
3eg5	2	4	C2	Q6NS79	0.006258643	E	Q6NS79	0.006258643	E	6575.2	1.0
3eg5	2	4	C2	P60766	0.09315526	E	Q6NS79	0.006258643	E	2008.9	0.2436
3eg9	2	2	M	Q9D662	0.8545014	U	Q6NXL1	0.9999975	N	1486.3	0.2081
3egh	2	4	A	P62137	0.5027892	U	Q6R891	0.282535	U	4012.7
3egh	2	4	A	P62137	0.5027892	U	P62137	0.5027892	U	0.0	1.0
3egh	2	4	A	Q6R891	0.282535	U	Q6R891	0.282535	U	252.5
3egx	3	3	M	Q9D662	0.8545014	U	O08547	0.5646262	U	756.6	0.2788
3egx	3	3	M	Q9D662	0.8545014	U	Q3U2P1	0.08702686	E	1860.2	0.1316
3egx	3	3	M	Q3U2P1	0.08702686	E	O08547	0.5646262	U	1459.3	0.1848
3fhc	2	2	M	Q80U93	0.1449216	U	Q61655	0.9204023	N	2132.0	0.2074
3fqr	2	2	M	P01899	0.9996666	N	NA	NA	NA	2459.5
3fru	2	2	M	Q61559	0.0	E	P01887	0.00923897	E	2864.1	0.2931
3gc3	2	2	M	Q91YI4	0.6355338	U	Q68FD5	0.9582203	N	2199.9	0.0806
3gtu	2	2	M	P15626	0.133072	U	P48774	1.65e-06	E	2662.8	0.1866
3h2v	2	2	M	Q64727	0.1010529	U	Q9CW46	0.2807915	U	1260.0	0.2328
3ha6	2	4	C2	P97477	0.04574413	E	P97477	0.04574413	E	1018.0	1.0
3ha6	2	4	C2	A2APB8	0.06012255	E	A2APB8	0.06012255	E	0.0	1.0
3ha6	2	4	C2	P97477	0.04574413	E	A2APB8	0.06012255	E	2823.2	0.7927
3iyg	8	8	M	P80318	1.0	N	NA	NA	NA	0.0
3iyg	8	8	M	P80315	0.7611855	U	P42932	0.9781719	N	796.5	0.5354
3iyg	8	8	M	P80314	0.9999976	N	P80313	0.9999998	N	0.0	0.6135
3iyg	8	8	M	P11983	0.9996511	N	P80318	1.0	N	-0.1	0.5778
3iyg	8	8	M	P80316	1.0	N	P80318	1.0	N	0.0	0.5998
3iyg	8	8	M	P80315	0.7611855	U	NA	NA	NA	0.0
3iyg	8	8	M	P80314	0.9999976	N	P80318	1.0	N	503.8	0.5303
3iyg	8	8	M	P11983	0.9996511	N	P80316	1.0	N	0.0	0.5941
3iyg	8	8	M	P80316	1.0	N	P80313	0.9999998	N	736.3	0.5926
3iyg	8	8	M	P80314	0.9999976	N	P80315	0.7611855	U	0.0	0.6238
3iyg	8	8	M	P11983	0.9996511	N	P80313	0.9999998	N	1103.0	0.554
3iyg	8	8	M	P80313	0.9999998	N	P42932	0.9781719	N	0.0	0.5802
3iyg	8	8	M	P80315	0.7611855	U	P80316	1.0	N	873.8	0.5584
3iyg	8	8	M	P80315	0.7611855	U	P80318	1.0	N	19.5	0.4948
3iyg	8	8	M	P80316	1.0	N	P42932	0.9781719	N	110.7	0.4787
3iyg	8	8	M	P80314	0.9999976	N	P80316	1.0	N	0.0	0.5903
3iyg	8	8	M	P11983	0.9996511	N	NA	NA	NA	654.1
3iyg	8	8	M	P80318	1.0	N	P42932	0.9781719	N	664.6	0.4813
3iyg	8	8	M	P42932	0.9781719	N	NA	NA	NA	0.0
3iyg	8	8	M	P80315	0.7611855	U	P80313	0.9999998	N	0.0	0.4775
3iyg	8	8	M	P11983	0.9996511	N	P80314	0.9999976	N	-0.1	0.6756
3iyg	8	8	M	P11983	0.9996511	N	P42932	0.9781719	N	0.0	0.5527
3iyg	8	8	M	P80314	0.9999976	N	P42932	0.9781719	N	6.0	0.571
3iyg	8	8	M	P80313	0.9999998	N	NA	NA	NA	0.0
3iyg	8	8	M	P80314	0.9999976	N	NA	NA	NA	779.8
3iyg	8	8	M	P11983	0.9996511	N	P80315	0.7611855	U	0.0	0.6221
3iyg	8	8	M	P80318	1.0	N	P80313	0.9999998	N	0.0	0.5564
3iyg	8	8	M	P80316	1.0	N	NA	NA	NA	0.0
3j04	3	6	A	Q61879	0.6123228	U	Q8CI43	1.41e-05	E	3176.5	0.1015
3j04	3	6	A	Q61879	0.6123228	U	Q61879	0.6123228	U	1765.0	1.0
3j04	3	6	A	Q9CQ19	0.4484861	U	Q9CQ19	0.4484861	U	32.7	1.0
3j04	3	6	A	Q61879	0.6123228	U	Q9CQ19	0.4484861	U	3742.4	0.2279
3j04	3	6	A	Q9CQ19	0.4484861	U	Q8CI43	1.41e-05	E	245.3	-0.0496
3j0s	2	24	H	P60710	0.4648651	U	P45591	0.1530449	U	2630.1
3j0s	2	24	H	P60710	0.4648651	U	P60710	0.4648651	U	1324.3
3j0s	2	24	H	P45591	0.1530449	U	P45591	0.1530449	U	0.0	1.0
3j2t	2	14	C	O88879	6.31e-06	E	O88879	6.31e-06	E	2093.5	1.0
3j2t	2	14	C	O88879	6.31e-06	E	P62897	0.9961842	N	1992.1	0.0741
3jar	3	14	H	Q9CWF2	0.3979377	U	Q6PER3	0.000872977	E	901.6	-0.0259
3jar	3	14	H	P05213	0.5803372	U	Q6PER3	0.000872977	E	1007.5	-0.1598
3jar	3	14	H	P05213	0.5803372	U	P05213	0.5803372	U	802.9	1.0
3jar	3	14	H	Q9CWF2	0.3979377	U	Q9CWF2	0.3979377	U	760.4	1.0
3jar	3	14	H	P05213	0.5803372	U	Q9CWF2	0.3979377	U	3771.6	0.218
3jsv	2	4	A	P62983	0.9926568	N	Q8VC91	0.03786436	E	1101.1	0.0407
3jsv	2	4	A	P62983	0.9926568	N	P62983	0.9926568	N	104.6	1.0
3jsv	2	4	A	Q8VC91	0.03786436	E	Q8VC91	0.03786436	E	4199.8	1.0
3jv4	2	2	M	Q04863	0.001067063	E	P25799	0.9511677	N	1511.2	0.4066
3jv6	2	2	M	Q04863	0.001067063	E	Q9WTK5	0.7338305	U	1395.5	0.6688
3k9p	2	2	M	P61087	0.9166687	N	P62983	0.9926568	N	805.2	0.2023
3kpp	2	2	M	P01899	0.9996666	N	NA	NA	NA	2532.2
3l1z	2	2	M	P61079	0.3327464	U	Q9ES00	0.9675394	N	1308.8	0.3253
3laq	2	2	M	P06869	0.9040778	N	P35456	0.3007589	U	2715.4	0.1898
3lcp	2	2	M	Q9D0F3	0.1553418	U	Q8K5B2	6.92e-06	E	1688.2	0.3098
3lge	2	8	C2h	P05064	0.3280198	U	P05064	0.3280198	U	2820.2	1.0
3lk4	2	2	M	Q5RKN9	0.06728721	E	NA	NA	NA	7084.2
3ln5	2	2	M	P01899	0.9996666	N	NA	NA	NA	2459.4
3lue	2	20	H	P60710	0.4648651	U	Q9JI91	0.000589181	E	1927.2
3lue	2	20	H	P60710	0.4648651	U	P60710	0.4648651	U	2740.6
3mcb	2	2	M	Q60817	0.9993938	N	Q64152	0.7487327	U	2294.5	0.5891
3mjh	2	2	M	Q9CQD1	5.55e-06	E	Q8BL66	0.2597301	U	1182.0	0.2717
3mkr	2	2	M	O89079	0.09079918	E	Q8CIE6	0.9741455	N	5298.8	0.2195
3n3k	2	2	M	Q80U87	0.03244807	E	P62983	0.9926568	N	2844.2	0.0009
3nc1	2	2	M	Q6P5F9	0.4430942	U	P62827	0.3160383	U	5078.3	0.3896
3ohm	2	2	M	P21279	1.18e-05	E	P51432	0.0	E	3073.3	0.0906
3pwl	2	2	M	P01899	0.9996666	N	NA	NA	NA	2705.7
3q2t	2	4	C2	Q9CQF3	0.1778247	U	Q6NVF9	0.5102854	U	984.9	0.3667
3q2t	2	4	C2	Q9CQF3	0.1778247	U	Q9CQF3	0.1778247	U	2746.4	1.0
3qq8	2	2	M	Q01853	0.8849729	U	P54731	0.8511077	U	1682.0	0.2092
3rep	2	2	M	O55222	0.4744572	U	Q3UF75	0.999433	N	1927.7	0.2511
3ryt	2	2	M	P70206	0.6434381	U	Q3TLP8	0.5221864	U	1118.3	0.1723
3sde	2	2	M	Q8R326	0.8441914	U	Q99K48	0.668691	U	8864.7	0.2327
3t97	2	3	A	Q63850	0.1970499	U	Q63850	0.1970499	U	2099.1	1.0
3t97	2	3	A	Q63850	0.1970499	U	Q8BTS4	0.9455934	N	2260.4	0.2955
3tad	2	2	M	B2RXW8	0.13783	U	Q8C8U0	0.05899773	E	954.6	0.17
3tbl	2	5	A	P17918	0.999971	N	P62983	0.9926568	N	148.7	0.2544
3tbl	2	5	A	P17918	0.999971	N	P17918	0.999971	N	1381.3	1.0
3tdu	2	2	M	NA	NA	NA	Q9WTX6	0.8366592	U	1197.0
3tg1	2	2	M	P47811	0.04418672	E	Q9ESS0	0.0	E	1867.0	0.046
3tjz	3	3	M	P84078	0.4778762	U	Q9QZE5	1.0	N	1743.7	0.3697
3tjz	3	3	M	Q9QZE5	1.0	N	P61924	0.9958646	N	4013.2	0.2971
3tpq	2	6	A	P62737	0.4594713	U	Q5DTZ3	8.2e-06	E	3017.8	0.0651
3tpq	2	6	A	P62737	0.4594713	U	P62737	0.4594713	U	842.7	1.0
3ub5	2	2	M	P60710	0.4648651	U	P62962	0.3468106	U	2109.1
3uip	4	4	M	P63280	0.09031576	E	P46061	0.139116	U	1207.6	0.2689
3uip	4	4	M	P63280	0.09031576	E	Q9ERU9	0.7344469	U	2807.9	0.3776
3uip	4	4	M	P63166	0.1458069	U	Q9ERU9	0.7344469	U	1356.4	0.2465
3uip	4	4	M	P63280	0.09031576	E	P63166	0.1458069	U	1211.4	0.2299
3uip	4	4	M	P63166	0.1458069	U	P46061	0.139116	U	101.4	0.1196
3unh	14	28	C2	Q9Z2U1	0.9999695	N	P28063	0.02511648	E	1122.2	0.1602
3unh	14	28	C2	O70435	0.6000463	U	P99026	0.9949651	N	674.8	0.4999
3unh	14	28	C2	O35955	0.07187602	E	P99026	0.9949651	N	1403.2	0.2628
3unh	14	28	C2	P99026	0.9949651	N	NA	NA	NA	2263.7
3unh	14	28	C2	Q9R1P3	0.989288	N	Q9R1P3	0.989288	N	1481.4	1.0
3unh	14	28	C2	P49722	0.9999986	N	Q9QUM9	0.9999999	N	2829.9	0.49
3unh	14	28	C2	Q9R1P1	0.9999887	N	O09061	0.9838939	N	1406.5	0.4996
3unh	14	28	C2	P49722	0.9999986	N	NA	NA	NA	0.1
3unh	14	28	C2	Q9R1P0	0.9999998	N	O70435	0.6000463	U	236.3	0.4185
3unh	14	28	C2	Q9R1P4	0.9999413	N	O70435	0.6000463	U	2766.7	0.4459
3unh	14	28	C2	Q9Z2U0	0.9172035	N	Q9Z2U1	0.9999695	N	2804.3	0.5607
3unh	14	28	C2	O35955	0.07187602	E	Q9R1P1	0.9999887	N	3109.2	0.2625
3unh	14	28	C2	P49722	0.9999986	N	Q9Z2U0	0.9172035	N	274.3	0.4626
3unh	14	28	C2	O35955	0.07187602	E	P28063	0.02511648	E	60.7	0.6619
3unh	14	28	C2	Q9Z2U1	0.9999695	N	O09061	0.9838939	N	943.0	0.5545
3unh	14	28	C2	Q9R1P0	0.9999998	N	Q9Z2U1	0.9999695	N	272.3	0.4971
3unh	14	28	C2	Q9Z2U1	0.9999695	N	Q9R1P4	0.9999413	N	2686.3	0.4941
3unh	14	28	C2	Q9R1P1	0.9999887	N	P28063	0.02511648	E	1767.4	0.1624
3unh	14	28	C2	Q9R1P3	0.989288	N	P28063	0.02511648	E	1245.4	0.1571
3unh	14	28	C2	O09061	0.9838939	N	NA	NA	NA	0.0
3unh	14	28	C2	P49722	0.9999986	N	O35955	0.07187602	E	887.6	0.2006
3unh	14	28	C2	Q9Z2U1	0.9999695	N	Q9QUM9	0.9999999	N	0.0	0.4961
3unh	14	28	C2	O09061	0.9838939	N	NA	NA	NA	0.0
3unh	14	28	C2	Q9Z2U1	0.9999695	N	O70435	0.6000463	U	0.0	0.488
3unh	14	28	C2	P99026	0.9949651	N	NA	NA	NA	2259.9
3unh	14	28	C2	O35955	0.07187602	E	Q9R1P3	0.989288	N	0.1	0.2523
3unh	14	28	C2	Q9R1P4	0.9999413	N	Q9QUM9	0.9999999	N	0.0	0.5612
3unh	14	28	C2	NA	NA	NA	NA	NA	NA	1569.1
3unh	14	28	C2	P49722	0.9999986	N	Q9Z2U1	0.9999695	N	89.5	0.5751
3unh	14	28	C2	Q9QUM9	0.9999999	N	O35955	0.07187602	E	1137.0	0.1801
3unh	14	28	C2	Q9Z2U0	0.9172035	N	Q9QUM9	0.9999999	N	0.0	0.4744
3unh	14	28	C2	Q9Z2U0	0.9172035	N	Q9R1P4	0.9999413	N	27.8	0.4992
3unh	14	28	C2	Q9R1P0	0.9999998	N	O35955	0.07187602	E	32.0	0.2172
3unh	14	28	C2	Q9R1P3	0.989288	N	O09061	0.9838939	N	0.0	0.4456
3unh	14	28	C2	P49722	0.9999986	N	O70435	0.6000463	U	351.6	0.4585
3unh	14	28	C2	Q9R1P4	0.9999413	N	O09061	0.9838939	N	802.3	0.457
3unh	14	28	C2	Q9R1P0	0.9999998	N	Q9QUM9	0.9999999	N	252.3	0.5306
3unh	14	28	C2	O70435	0.6000463	U	NA	NA	NA	940.3
3unh	14	28	C2	Q9QUM9	0.9999999	N	NA	NA	NA	930.5
3unh	14	28	C2	Q9R1P1	0.9999887	N	Q9R1P3	0.989288	N	1527.8	0.5138
3unh	14	28	C2	Q9R1P1	0.9999887	N	NA	NA	NA	0.0
3unh	14	28	C2	Q9QUM9	0.9999999	N	P99026	0.9949651	N	0.0	0.5396
3unh	14	28	C2	O35955	0.07187602	E	NA	NA	NA	943.9
3unh	14	28	C2	Q9Z2U0	0.9172035	N	P28063	0.02511648	E	722.3	0.1835
3unh	14	28	C2	O35955	0.07187602	E	NA	NA	NA	947.3
3unh	14	28	C2	P49722	0.9999986	N	Q9R1P1	0.9999887	N	844.0	0.3917
3unh	14	28	C2	Q9Z2U0	0.9172035	N	O70435	0.6000463	U	-0.1	0.3898
3unh	14	28	C2	P28063	0.02511648	E	O09061	0.9838939	N	1383.3	0.1824
3unh	14	28	C2	Q9R1P0	0.9999998	N	Q9R1P4	0.9999413	N	250.9	0.477
3unh	14	28	C2	Q9R1P4	0.9999413	N	P99026	0.9949651	N	994.3	0.4257
3unh	14	28	C2	O70435	0.6000463	U	NA	NA	NA	935.2
3unh	14	28	C2	Q9QUM9	0.9999999	N	NA	NA	NA	949.0
3unh	14	28	C2	Q9R1P0	0.9999998	N	Q9Z2U0	0.9172035	N	2893.8	0.5491
3unh	14	28	C2	P49722	0.9999986	N	Q9R1P4	0.9999413	N	0.1	0.5012
3unh	14	28	C2	P49722	0.9999986	N	Q9R1P0	0.9999998	N	2960.7	0.5033
3unh	14	28	C2	O09061	0.9838939	N	P99026	0.9949651	N	1957.5	0.5839
3unh	14	28	C2	O70435	0.6000463	U	Q9QUM9	0.9999999	N	2649.0	0.556
3unh	14	28	C2	Q9R1P0	0.9999998	N	Q9R1P3	0.989288	N	1022.8	0.4573
3unh	14	28	C2	Q9R1P0	0.9999998	N	Q9R1P1	0.9999887	N	936.5	0.4663
3unh	14	28	C2	Q9Z2U0	0.9172035	N	Q9R1P3	0.989288	N	897.8	0.4682
3unh	14	28	C2	O35955	0.07187602	E	O09061	0.9838939	N	2272.9	0.2732
3uyo	2	2	M	B2RQ57	0.04656387	E	P11276	0.9998004	N	1791.6	0.0368
3vhx	2	4	C2	E9Q5G3	0.06798606	E	E9Q5G3	0.06798606	E	2100.3	1.0
3vhx	2	4	C2	P62331	0.124516	U	E9Q5G3	0.06798606	E	2256.8	0.2234
3vri	2	2	M	P01899	0.9996666	N	NA	NA	NA	2662.4
3wkt	2	2	M	P37040	0.2767899	U	P14901	0.4699285	U	1893.6	0.1719
3zjy	3	3	M	P62827	0.3160383	U	Q8BMJ3	0.6237165	U	45.5	0.4111
3zjy	3	3	M	P62827	0.3160383	U	Q8K0C1	0.06993309	E	2399.7	0.108
3zjy	3	3	M	Q8K0C1	0.06993309	E	Q8BMJ3	0.6237165	U	518.5	0.0932
3zni	3	3	M	P22682	5.08e-06	E	P61079	0.3327464	U	1269.7	0.2537
3zni	3	3	M	P22682	5.08e-06	E	P62983	0.9926568	N	936.7	0.1469
3zni	3	3	M	P61079	0.3327464	U	P62983	0.9926568	N	1785.7	0.1724
4a55	2	2	M	D3YY41	4.31e-05	E	P26450	0.7425635	U	4410.6	0.2801
4apf	2	4	C2	Q8CE33	3.92e-06	E	Q8CE33	3.92e-06	E	3463.9	1.0
4apf	2	4	C2	Q8CE33	3.92e-06	E	Q9JLV5	0.2039675	U	2037.7	-0.0642
4bd2	2	4	C2	Q07813	0.05892323	E	P70444	0.09865608	E	1869.7	0.2959
4bd2	2	4	C2	Q07813	0.05892323	E	Q07813	0.05892323	E	7084.1	1.0
4bkx	2	4	C2	F8WHY8	0.3945034	U	F8WHY8	0.3945034	U	2332.6	1.0
4bkx	2	4	C2	F8WHY8	0.3945034	U	O09106	0.9888216	N	5241.3	0.1547
4c0o	2	2	M	Q6P2B1	0.4348885	U	Q6PDM2	0.2572411	U	4199.0	0.345
4cfr	2	3	A	P07091	0.08168239	E	P07091	0.08168239	E	2910.0	1.0
4cfr	2	3	A	P07091	0.08168239	E	Q8VDD5	0.9468465	N	2087.2	0.218
4d10	8	8	M	O88543	0.9999943	N	O35864	0.9861414	N	4.8	0.4462
4d10	8	8	M	O88543	0.9999943	N	Q8VBV7	0.03979981	E	3122.8	0.2938
4d10	8	8	M	P61202	0.9901496	N	Q8VBV7	0.03979981	E	0.0	0.1434
4d10	8	8	M	O35864	0.9861414	N	NA	NA	NA	7721.8
4d10	8	8	M	P61202	0.9901496	N	O88543	0.9999943	N	126.1	0.2518
4d10	8	8	M	O35864	0.9861414	N	Q9CZ04	0.5798172	U	632.1	0.2539
4d10	8	8	M	O88543	0.9999943	N	O88544	0.9999883	N	0.0	0.4872
4d10	8	8	M	P61202	0.9901496	N	Q9CZ04	0.5798172	U	12.7	0.1714
4d10	8	8	M	Q9CZ04	0.5798172	U	NA	NA	NA	3349.6
4d10	8	8	M	Q8VBV7	0.03979981	E	NA	NA	NA	642.1
4d10	8	8	M	O88543	0.9999943	N	NA	NA	NA	2086.4
4d10	8	8	M	P61202	0.9901496	N	NA	NA	NA	1200.5
4d10	8	8	M	G3UXW9	0.9831658	N	O88543	0.9999943	N	4223.9	0.3639
4d10	8	8	M	P61202	0.9901496	N	O88544	0.9999883	N	1080.0	0.3381
4d10	8	8	M	O88544	0.9999883	N	O35864	0.9861414	N	1114.3	0.4293
4d10	8	8	M	G3UXW9	0.9831658	N	Q8VBV7	0.03979981	E	0.0	0.2614
4d10	8	8	M	O88544	0.9999883	N	Q9CZ04	0.5798172	U	1724.3	0.2852
4d10	8	8	M	P61202	0.9901496	N	O35864	0.9861414	N	1341.7	0.339
4d10	8	8	M	O88544	0.9999883	N	Q8VBV7	0.03979981	E	-0.1	0.3481
4d10	8	8	M	G3UXW9	0.9831658	N	P61202	0.9901496	N	2982.4	0.1616
4d10	8	8	M	G3UXW9	0.9831658	N	NA	NA	NA	1282.2
4d10	8	8	M	O35864	0.9861414	N	Q8VBV7	0.03979981	E	890.8	0.2843
4d10	8	8	M	G3UXW9	0.9831658	N	O35864	0.9861414	N	0.0	0.2981
4d10	8	8	M	G3UXW9	0.9831658	N	O88544	0.9999883	N	0.0	0.3604
4d10	8	8	M	O88544	0.9999883	N	NA	NA	NA	3803.6
4d10	8	8	M	Q9CZ04	0.5798172	U	Q8VBV7	0.03979981	E	712.1	0.2134
4d10	8	8	M	O88543	0.9999943	N	Q9CZ04	0.5798172	U	212.7	0.207
4dhx	2	3	A	Q9JIX0	0.3351915	U	Q9JIX0	0.3351915	U	66.7	1.0
4dhx	2	3	A	Q9WUU9	0.9328569	N	Q9JIX0	0.3351915	U	2932.6	0.1445
4dpg	2	3	A	Q99MN1	0.3305059	U	Q99MN1	0.3305059	U	8441.2	1.0
4dpg	2	3	A	Q99MN1	0.3305059	U	Q8R010	0.7649174	U	2334.0	0.4479
4drj	2	2	M	P30416	0.09593864	E	Q9JLN9	0.000184797	E	567.1	0.1262
4eah	2	4	C2	Q6ZPF4	0.03870856	E	P62737	0.4594713	U	2783.0	0.1832
4eah	2	4	C2	Q6ZPF4	0.03870856	E	Q6ZPF4	0.03870856	E	8251.8	1.0
4eah	2	4	C2	P62737	0.4594713	U	P62737	0.4594713	U	15.0	1.0
4ehp	2	2	M	Q64727	0.1010529	U	P26231	0.8216004	U	4439.0	0.4001
4f38	2	2	M	Q9QUI0	0.3306354	U	Q99PT1	0.7091233	U	2809.3	0.257
4fap	2	2	M	P26883	0.1314209	U	Q9JLN9	0.000184797	E	766.8	0.0629
4gqb	2	8	D	NA	NA	NA	NA	NA	NA	3195.6
4gqb	2	8	D	NA	NA	NA	Q99J09	0.9999985	N	140.4
4hmy	5	5	M	P22892	0.1818659	U	NA	NA	NA	5473.5
4hmy	5	5	M	Q9DBG3	0.9999999	N	P35585	0.02035983	E	6465.5	0.2205
4hmy	5	5	M	P22892	0.1818659	U	P35585	0.02035983	E	318.3	0.1538
4hmy	5	5	M	Q9DBG3	0.9999999	N	P84078	0.4778762	U	1604.9	0.2859
4hmy	5	5	M	P35585	0.02035983	E	NA	NA	NA	409.2
4hmy	5	5	M	P22892	0.1818659	U	Q9DBG3	0.9999999	N	2938.4	0.3147
4hmy	5	5	M	Q9DBG3	0.9999999	N	NA	NA	NA	240.7
4hre	2	4	C2	P07356	0.6779466	U	P08207	0.9821681	N	1391.9	0.4334
4hre	2	4	C2	P08207	0.9821681	N	P08207	0.9821681	N	2717.7	1.0
4huv	2	4	C2	P01899	0.9996666	N	P01899	0.9996666	N	330.4	1.0
4huv	2	4	C2	P01887	0.00923897	E	P01887	0.00923897	E	0.0	1.0
4huv	2	4	C2	P01899	0.9996666	N	P01887	0.00923897	E	2252.1	0.4805
4imy	3	3	M	Q9QWV9	0.4985286	U	Q9ESC8	0.000600726	E	2825.8	0.2429
4imy	3	3	M	Q99J95	0.8455226	U	Q9QWV9	0.4985286	U	1943.5	0.1736
4iyp	2	2	M	Q61249	0.1348743	U	P63330	0.09582701	E	1812.3	0.1958
4jd2	8	8	M	Q9WV32	0.9988518	N	Q9CQI3	0.03697174	E	799.3	0.1099
4jd2	8	8	M	P61161	0.76424	U	Q9CQI3	0.03697174	E	2411.7	0.2766
4jd2	8	8	M	P61161	0.76424	U	Q9WV32	0.9988518	N	396.1	0.2217
4jd2	8	8	M	Q99JY9	0.999932	N	P59999	0.9998913	N	856.0	0.2756
4jd2	8	8	M	P61161	0.76424	U	P59999	0.9998913	N	1585.0	0.2145
4jd2	8	8	M	Q9CVB6	0.4675481	U	P59999	0.9998913	N	4346.7	0.2332
4jd2	8	8	M	Q9WV32	0.9988518	N	Q9CVB6	0.4675481	U	75.7	0.3236
4jd2	8	8	M	P61161	0.76424	U	Q9CPW4	0.03049294	E	1001.8	0.3807
4jd2	8	8	M	Q99JY9	0.999932	N	P61161	0.76424	U	1611.6	0.4212
4jd2	8	8	M	Q99JY9	0.999932	N	Q9JM76	0.9989048	N	1850.6	0.2521
4jd2	8	8	M	P59999	0.9998913	N	Q9CPW4	0.03049294	E	1868.8	0.28
4jd2	8	8	M	Q99JY9	0.999932	N	Q9CVB6	0.4675481	U	3323.0	0.4758
4jd2	8	8	M	P61161	0.76424	U	Q9CVB6	0.4675481	U	0.0	0.5472
4jd2	8	8	M	Q9WV32	0.9988518	N	P59999	0.9998913	N	2298.6	0.3303
4jd2	8	8	M	P59999	0.9998913	N	Q9CQI3	0.03697174	E	0.0	0.2815
4jd2	8	8	M	Q9WV32	0.9988518	N	Q9CPW4	0.03049294	E	1358.8	0.3476
4kbq	2	2	M	Q9WUD1	0.9857178	N	P63017	0.999908	N	1948.5	0.3231
4kit	2	2	M	Q6P4T2	0.9911026	N	Q99PV0	0.9999809	N	5273.0	0.4901
4kvg	2	2	M	Q99JI6	0.5261117	U	Q8R5A3	0.101942	U	1064.1	0.059
4l18	2	2	M	G3UWD2	0.3153102	U	P27577	1.84e-06	E	921.5	0.1959
4l79	2	2	M	P46735	0.9580739	N	P62204	0.6559055	U	3411.3	0.0312
4ld9	5	10	C2	Q8CGP6	0.913338	N	NA	NA	NA	233.8
4ld9	5	10	C2	Q6ZWY9	0.264898	U	NA	NA	NA	928.9
4ld9	5	10	C2	P84228	0.02762913	E	NA	NA	NA	537.7
4ld9	5	10	C2	Q8CGP6	0.913338	N	NA	NA	NA	454.5
4ld9	5	10	C2	P62806	0.9367234	N	P62806	0.9367234	N	0.0	1.0
4ld9	5	10	C2	P62806	0.9367234	N	NA	NA	NA	1495.6
4ld9	5	10	C2	P62806	0.9367234	N	Q8CGP6	0.913338	N	868.5
4ld9	5	10	C2	P84228	0.02762913	E	P84228	0.02762913	E	1119.0
4ld9	5	10	C2	Q8CGP6	0.913338	N	Q6ZWY9	0.264898	U	4944.3
4ld9	5	10	C2	P84228	0.02762913	E	NA	NA	NA	527.6
4ld9	5	10	C2	P84228	0.02762913	E	P62806	0.9367234	N	5228.1
4ld9	5	10	C2	P62806	0.9367234	N	NA	NA	NA	880.0
4ld9	5	10	C2	Q6ZWY9	0.264898	U	Q6ZWY9	0.264898	U	6.3
4ld9	5	10	C2	P84228	0.02762913	E	Q8CGP6	0.913338	N	1242.3
4ld9	5	10	C2	P84228	0.02762913	E	Q6ZWY9	0.264898	U	29.6
4ld9	5	10	C2	P62806	0.9367234	N	Q6ZWY9	0.264898	U	1082.0
4ld9	5	10	C2	Q6ZWY9	0.264898	U	NA	NA	NA	837.7
4ld9	5	10	C2	Q8CGP6	0.913338	N	Q8CGP6	0.913338	N	214.3
4mne	2	4	C2	P04627	0.2631593	U	P04627	0.2631593	U	1984.0	1.0
4mne	2	4	C2	P31938	0.07734669	E	P04627	0.2631593	U	2789.2	0.1121
4nif	2	4	C2	P18654	0.8749574	U	P18654	0.8749574	U	2094.1	1.0
4nif	2	4	C2	P63085	0.3015919	U	P63085	0.3015919	U	25.0	1.0
4nif	2	4	C2	P18654	0.8749574	U	P63085	0.3015919	U	2978.5	0.1397
4nqk	2	10	A	Q6Q899	0.2582021	U	Q6Q899	0.2582021	U	2011.2	1.0
4nqk	2	10	A	Q6Q899	0.2582021	U	P62983	0.9926568	N	1344.1	0.0192
4nqk	2	10	A	P62983	0.9926568	N	P62983	0.9926568	N	60.4	1.0
4o27	2	2	M	Q06138	0.3833877	U	Q99KH8	0.04597766	E	1718.8	0.1934
4o2e	2	2	M	P01899	0.9996666	N	NA	NA	NA	2458.2
4ol0	2	2	M	P62827	0.3160383	U	Q6P2B1	0.4348885	U	4005.4	0.2319
4pj1	2	28	D	Q64433	0.4043083	U	P63038	0.8436179	U	935.2	0.5765
4pj1	2	28	D	P63038	0.8436179	U	P63038	0.8436179	U	4312.2	1.0
4pj1	2	28	D	Q64433	0.4043083	U	Q64433	0.4043083	U	1479.5	1.0
4pjw	2	2	M	O35638	0.1745516	U	Q61550	0.7920564	U	7062.3	0.4955
4qfs	3	3	M	Q5EG47	0.6482516	U	O54950	0.9999484	N	732.8	0.1298
4qfs	3	3	M	Q5EG47	0.6482516	U	Q9R078	0.01874925	E	5466.2	0.0643
4qfs	3	3	M	Q9R078	0.01874925	E	O54950	0.9999484	N	1998.5	0.1904
4rr2	2	2	M	P20664	0.9503453	N	P33610	0.996677	N	1619.2	0.5954
4tyh	2	2	M	P49138	1.76e-06	E	P47811	0.04418672	E	5981.3	0.1347
4u6y	2	2	M	P01899	0.9996666	N	NA	NA	NA	2193.4
4uj5	2	2	M	P46638	0.2871007	U	Q68EF0	0.214413	U	1290.7	0.0845
4uyk	2	2	M	P49962	0.8707642	U	P16254	0.9946577	N	3187.1	0.3244
4wk4	2	2	M	P11688	0.9446076	N	P09055	0.8725158	U	3340.3	0.2335
4wwr	2	2	M	Q3UF95	0.7920924	U	P21126	0.5441551	U	2535.8	0.1141
4wzj	7	84	A	NA	NA	NA	P62307	0.05715172	E	0.0
4wzj	7	84	A	P62305	5.66e-06	E	NA	NA	NA	0.1
4wzj	7	84	A	P62320	1.0	N	NA	NA	NA	0.0
4wzj	7	84	A	NA	NA	NA	P62307	0.05715172	E	0.0
4wzj	7	84	A	P62320	1.0	N	P62309	0.721795	U	1754.6	0.3762
4wzj	7	84	A	P27048	0.9950891	N	NA	NA	NA	1354.4
4wzj	7	84	A	P62305	5.66e-06	E	P62309	0.721795	U	2069.5	0.6626
4wzj	7	84	A	P62317	0.9982405	N	NA	NA	NA	1975.2
4wzj	7	84	A	P27048	0.9950891	N	P62307	0.05715172	E	0.1	0.4052
4wzj	7	84	A	P62305	5.66e-06	E	P62307	0.05715172	E	1967.6	0.4948
4wzj	7	84	A	P62320	1.0	N	NA	NA	NA	0.0
4wzj	7	84	A	P62320	1.0	N	NA	NA	NA	0.1
4wzj	7	84	A	NA	NA	NA	P62317	0.9982405	N	2034.0
4wzj	7	84	A	P27048	0.9950891	N	NA	NA	NA	1168.5
4wzj	7	84	A	NA	NA	NA	P62317	0.9982405	N	2026.7
4wzj	7	84	A	P62320	1.0	N	P27048	0.9950891	N	1760.8	0.3136
4wzj	7	84	A	P62307	0.05715172	E	NA	NA	NA	0.1
4wzj	7	84	A	P62317	0.9982405	N	P62317	0.9982405	N	215.7	1.0
4wzj	7	84	A	P27048	0.9950891	N	P62317	0.9982405	N	0.1	0.4879
4wzj	7	84	A	P62317	0.9982405	N	P62305	5.66e-06	E	0.1	0.4819
4wzj	7	84	A	P62307	0.05715172	E	NA	NA	NA	0.0
4wzj	7	84	A	P62317	0.9982405	N	NA	NA	NA	2027.9
4wzj	7	84	A	P27048	0.9950891	N	P27048	0.9950891	N	0.0	1.0
4wzj	7	84	A	P62307	0.05715172	E	NA	NA	NA	0.1
4wzj	7	84	A	P62317	0.9982405	N	P62309	0.721795	U	0.1	0.5544
4wzj	7	84	A	P62317	0.9982405	N	P62307	0.05715172	E	1580.7	0.5206
4wzj	7	84	A	P62317	0.9982405	N	NA	NA	NA	2009.2
4wzj	7	84	A	NA	NA	NA	P62317	0.9982405	N	2026.0
4wzj	7	84	A	NA	NA	NA	P62317	0.9982405	N	2025.0
4wzj	7	84	A	P62307	0.05715172	E	NA	NA	NA	0.0
4wzj	7	84	A	P62305	5.66e-06	E	P62305	5.66e-06	E	590.7	1.0
4wzj	7	84	A	P62320	1.0	N	NA	NA	NA	0.0
4wzj	7	84	A	P62320	1.0	N	P62317	0.9982405	N	0.0	0.3253
4wzj	7	84	A	NA	NA	NA	P62307	0.05715172	E	0.0
4wzj	7	84	A	P62317	0.9982405	N	NA	NA	NA	2035.9
4wzj	7	84	A	NA	NA	NA	P62307	0.05715172	E	-0.1
4wzj	7	84	A	P62317	0.9982405	N	NA	NA	NA	2030.0
4wzj	7	84	A	P62317	0.9982405	N	NA	NA	NA	2035.7
4wzj	7	84	A	P27048	0.9950891	N	NA	NA	NA	1231.7
4wzj	7	84	A	P62307	0.05715172	E	P62307	0.05715172	E	0.0	1.0
4wzj	7	84	A	P62320	1.0	N	NA	NA	NA	0.0
4wzj	7	84	A	P27048	0.9950891	N	P62309	0.721795	U	0.0	0.3912
4wzj	7	84	A	P27048	0.9950891	N	NA	NA	NA	1177.9
4wzj	7	84	A	P62307	0.05715172	E	NA	NA	NA	0.0
4wzj	7	84	A	P27048	0.9950891	N	NA	NA	NA	1171.5
4wzj	7	84	A	P27048	0.9950891	N	NA	NA	NA	1176.0
4wzj	7	84	A	P62320	1.0	N	NA	NA	NA	-0.1
4wzj	7	84	A	P62320	1.0	N	NA	NA	NA	0.0
4wzj	7	84	A	P27048	0.9950891	N	NA	NA	NA	1171.3
4wzj	7	84	A	P62320	1.0	N	NA	NA	NA	0.0
4wzj	7	84	A	P27048	0.9950891	N	NA	NA	NA	1208.9
4wzj	7	84	A	P62320	1.0	N	NA	NA	NA	0.0
4wzj	7	84	A	P62305	5.66e-06	E	NA	NA	NA	0.0
4wzj	7	84	A	P27048	0.9950891	N	P62305	5.66e-06	E	0.1	0.3743
4wzj	7	84	A	P62320	1.0	N	NA	NA	NA	0.0
4wzj	7	84	A	P62317	0.9982405	N	NA	NA	NA	2011.5
4wzj	7	84	A	NA	NA	NA	P62305	5.66e-06	E	0.0
4wzj	7	84	A	P62320	1.0	N	P62307	0.05715172	E	0.1	0.4333
4wzj	7	84	A	P27048	0.9950891	N	NA	NA	NA	1256.3
4wzj	7	84	A	P62320	1.0	N	P62305	5.66e-06	E	54.3	0.314
4wzj	7	84	A	P62307	0.05715172	E	NA	NA	NA	0.0
4wzj	7	84	A	P62320	1.0	N	NA	NA	NA	-0.1
4wzj	7	84	A	P27048	0.9950891	N	NA	NA	NA	1163.2
4wzj	7	84	A	P62320	1.0	N	NA	NA	NA	-0.1
4wzj	7	84	A	P62307	0.05715172	E	P62309	0.721795	U	141.3	0.6002
4wzj	7	84	A	P27048	0.9950891	N	NA	NA	NA	1158.4
4wzj	7	84	A	P62307	0.05715172	E	NA	NA	NA	0.0
4wzj	7	84	A	P62317	0.9982405	N	NA	NA	NA	2024.5
4wzj	7	84	A	NA	NA	NA	NA	NA	NA	541.8
4wzj	7	84	A	P27048	0.9950891	N	NA	NA	NA	1163.1
4wzj	7	84	A	P62307	0.05715172	E	NA	NA	NA	0.0
4xoi	2	2	M	Q9QUI0	0.3306354	U	Q8K298	0.1781463	U	1387.7	0.1408
4y72	3	3	M	P11440	0.3271984	U	P56390	0.9999017	N	1435.9	0.7251
4y72	3	3	M	P11440	0.3271984	U	P24860	0.1468824	U	2580.2	0.8407
4y97	2	2	M	P33611	0.9938866	N	P33609	0.9995497	N	3456.0	0.4248
4yc6	2	2	M	P11440	0.3271984	U	P61025	0.01863796	E	1487.5	0.7458
4yc7	2	2	M	P60766	0.09315526	E	Q6ZPF4	0.03870856	E	3094.9	0.0984
4zjv	2	2	M	Q01279	0.5101556	U	Q99JZ7	2.91e-06	E	3285.6	0.331
5a1y	8	21	A	Q8CIE6	0.9741455	N	Q9QZE5	1.0	N	-0.1	0.347
5a1y	8	21	A	Q8CIE6	0.9741455	N	O89079	0.09079918	E	720.3	0.2195
5a1y	8	21	A	O55029	0.9970059	N	Q9JIF7	0.999997	N	289.6	0.4229
5a1y	8	21	A	P84078	0.4778762	U	Q9JIF7	0.999997	N	182.3	0.3173
5a1y	8	21	A	Q9QZE5	1.0	N	Q9JIF7	0.999997	N	1332.2	0.3183
5a1y	8	21	A	Q9QZE5	1.0	N	P61924	0.9958646	N	735.0	0.2971
5a1y	8	21	A	Q8CIE6	0.9741455	N	O55029	0.9970059	N	1792.0	0.3408
5a1y	8	21	A	O55029	0.9970059	N	Q5XJY5	0.9982699	N	9.6	0.4281
5a1y	8	21	A	P84078	0.4778762	U	Q9QZE5	1.0	N	123.6	0.3697
5a1y	8	21	A	O55029	0.9970059	N	Q9QZE5	1.0	N	1001.8	0.4066
5a1y	8	21	A	P84078	0.4778762	U	P84078	0.4778762	U	0.0	1.0
5a1y	8	21	A	P84078	0.4778762	U	O55029	0.9970059	N	144.1	0.481
5a1y	8	21	A	P84078	0.4778762	U	Q5XJY5	0.9982699	N	0.0	0.5285
5a1y	8	21	A	Q9JIF7	0.999997	N	Q5XJY5	0.9982699	N	760.7	0.323
5a1y	8	21	A	Q8CIE6	0.9741455	N	Q9JIF7	0.999997	N	1028.6	0.2871
5a5t	8	8	M	Q8R1B4	1.0	N	P60229	0.9999995	N	3772.3	0.3799
5a5t	8	8	M	Q8R1B4	1.0	N	Q8QZY1	0.9999996	N	0.0	0.5032
5a5t	8	8	M	Q91WK2	0.9999985	N	Q99JX4	0.999162	N	744.8	0.5392
5a5t	8	8	M	Q8R1B4	1.0	N	Q99JX4	0.999162	N	0.0	0.4132
5a5t	8	8	M	P23116	0.3977074	U	Q9DCH4	0.9999999	N	2849.6	0.2426
5a5t	8	8	M	P60229	0.9999995	N	Q9DCH4	0.9999999	N	707.3	0.3697
5a5t	8	8	M	Q9DCH4	0.9999999	N	Q8QZY1	0.9999996	N	1007.6	0.4578
5a5t	8	8	M	Q8R1B4	1.0	N	Q91WK2	0.9999985	N	1135.5	0.4531
5a5t	8	8	M	P23116	0.3977074	U	Q99JX4	0.999162	N	1814.0	0.342
5a5t	8	8	M	Q91WK2	0.9999985	N	Q9DBZ5	0.9934509	N	387.9	0.4777
5a5t	8	8	M	P23116	0.3977074	U	Q8R1B4	1.0	N	5292.3	0.5765
5a5t	8	8	M	P23116	0.3977074	U	Q91WK2	0.9999985	N	3604.8	0.2635
5a5t	8	8	M	Q9DBZ5	0.9934509	N	Q99JX4	0.999162	N	198.2	0.3968
5a5t	8	8	M	Q9DCH4	0.9999999	N	Q9DBZ5	0.9934509	N	279.5	0.3883
5a5t	8	8	M	Q9DBZ5	0.9934509	N	Q8QZY1	0.9999996	N	4558.3	0.4227
5a5t	8	8	M	Q8R1B4	1.0	N	Q9DBZ5	0.9934509	N	0.0	0.4164
5a5t	8	8	M	Q8R1B4	1.0	N	Q9DCH4	0.9999999	N	908.3	0.4277
5a5t	8	8	M	P23116	0.3977074	U	P60229	0.9999995	N	-0.1	0.4138
5a5t	8	8	M	Q91WK2	0.9999985	N	Q8QZY1	0.9999996	N	272.7	0.4381
5a5t	8	8	M	Q9DCH4	0.9999999	N	Q99JX4	0.999162	N	4457.7	0.3053
5a5t	8	8	M	P60229	0.9999995	N	Q9DBZ5	0.9934509	N	-0.1	0.2486
5a5t	8	8	M	P60229	0.9999995	N	Q8QZY1	0.9999996	N	2311.8	0.3838
5a5t	8	8	M	P60229	0.9999995	N	Q91WK2	0.9999985	N	-0.1	0.4566
5a5t	8	8	M	Q8QZY1	0.9999996	N	Q99JX4	0.999162	N	0.0	0.4406
5a5t	8	8	M	Q9DCH4	0.9999999	N	Q91WK2	0.9999985	N	7015.3	0.5152
5a9q	10	304	C	Q8R0G9	0.5576096	U	Q8R0G9	0.5576096	U	0.0	1.0
5a9q	10	304	C	Q9Z0W3	0.564405	U	Q8R0G9	0.5576096	U	2380.3	0.3736
5a9q	10	304	C	Q8BH74	0.9997333	N	Q9D1M0	0.8026305	U	489.3	0.2529
5a9q	10	304	C	Q9Z0W3	0.564405	U	Q99P88	0.9050719	N	1128.8	0.4278
5a9q	10	304	C	Q8BH74	0.9997333	N	NA	NA	NA	1353.4
5a9q	10	304	C	P59235	0.007809265	E	NA	NA	NA	254.4
5a9q	10	304	C	NA	NA	NA	Q9D1M0	0.8026305	U	1569.0
5a9q	10	304	C	Q8R0G9	0.5576096	U	Q8BH74	0.9997333	N	528.3	0.4517
5a9q	10	304	C	Q9CWU9	0.9972522	N	Q8BH74	0.9997333	N	0.0	0.531
5a9q	10	304	C	Q9D1M0	0.8026305	U	NA	NA	NA	1575.6
5a9q	10	304	C	Q8BH74	0.9997333	N	NA	NA	NA	1347.1
5a9q	10	304	C	Q9Z0W3	0.564405	U	Q8BH74	0.9997333	N	427.7	0.405
5a9q	10	304	C	P59235	0.007809265	E	NA	NA	NA	256.2
5a9q	10	304	C	NA	NA	NA	Q8R480	0.9674656	N	2327.1
5a9q	10	304	C	P59235	0.007809265	E	Q8R480	0.9674656	N	515.6	0.4921
5a9q	10	304	C	Q9CWU9	0.9972522	N	Q99P88	0.9050719	N	-0.1	0.4495
5a9q	10	304	C	P59235	0.007809265	E	NA	NA	NA	252.9
5a9q	10	304	C	P59235	0.007809265	E	NA	NA	NA	255.0
5a9q	10	304	C	Q9Z0W3	0.564405	U	Q9CWU9	0.9972522	N	704.5	0.415
5a9q	10	304	C	Q9D1M0	0.8026305	U	NA	NA	NA	1573.1
5a9q	10	304	C	P59235	0.007809265	E	Q8BH74	0.9997333	N	0.0	0.5197
5a9q	10	304	C	Q8R480	0.9674656	N	NA	NA	NA	2330.7
5a9q	10	304	C	Q9CWU9	0.9972522	N	Q8R0G9	0.5576096	U	29.3	0.4699
5a9q	10	304	C	Q8BH74	0.9997333	N	NA	NA	NA	1347.5
5a9q	10	304	C	Q8R480	0.9674656	N	NA	NA	NA	2331.4
5a9q	10	304	C	Q8R480	0.9674656	N	NA	NA	NA	2331.4
5a9q	10	304	C	Q8BH74	0.9997333	N	NA	NA	NA	1342.8
5a9q	10	304	C	Q9D1M0	0.8026305	U	NA	NA	NA	1561.3
5bo0	4	4	M	P62806	0.9367234	N	P97310	0.9997919	N	2413.2	0.1052
5bo0	4	4	M	P84228	0.02762913	E	P97310	0.9997919	N	1675.2
5bo0	4	4	M	P84228	0.02762913	E	Q9CQE6	0.6920015	U	1745.5
5bo0	4	4	M	P62806	0.9367234	N	Q9CQE6	0.6920015	U	1109.3	0.0565
5bo0	4	4	M	P97310	0.9997919	N	Q9CQE6	0.6920015	U	80.5	0.3369
5bo0	4	4	M	P84228	0.02762913	E	P62806	0.9367234	N	4191.7
5brm	2	15	A	Q921Y0	0.5090103	U	Q921Y0	0.5090103	U	1618.0	1.0
5bs7	3	6	C2	P62806	0.9367234	N	Q68FG3	0.02447519	E	1538.6	0.0393
5bs7	3	6	C2	P84228	0.02762913	E	P62806	0.9367234	N	3272.9
5bs7	3	6	C2	P84228	0.02762913	E	P84228	0.02762913	E	1138.6
5bs7	3	6	C2	P84228	0.02762913	E	Q68FG3	0.02447519	E	1208.9
5bs7	3	6	C2	P62806	0.9367234	N	P62806	0.9367234	N	-0.1	1.0
